/*M!999999\- enable the sandbox mode */ 
-- MariaDB dump 10.19  Distrib 10.11.14-MariaDB, for debian-linux-gnu (x86_64)
--
-- Host: localhost    Database: cafebd
-- ------------------------------------------------------
-- Server version	10.11.14-MariaDB-0ubuntu0.24.04.1

/*!40101 SET @OLD_CHARACTER_SET_CLIENT=@@CHARACTER_SET_CLIENT */;
/*!40101 SET @OLD_CHARACTER_SET_RESULTS=@@CHARACTER_SET_RESULTS */;
/*!40101 SET @OLD_COLLATION_CONNECTION=@@COLLATION_CONNECTION */;
/*!40101 SET NAMES utf8mb4 */;
/*!40103 SET @OLD_TIME_ZONE=@@TIME_ZONE */;
/*!40103 SET TIME_ZONE='+00:00' */;
/*!40014 SET @OLD_UNIQUE_CHECKS=@@UNIQUE_CHECKS, UNIQUE_CHECKS=0 */;
/*!40014 SET @OLD_FOREIGN_KEY_CHECKS=@@FOREIGN_KEY_CHECKS, FOREIGN_KEY_CHECKS=0 */;
/*!40101 SET @OLD_SQL_MODE=@@SQL_MODE, SQL_MODE='NO_AUTO_VALUE_ON_ZERO' */;
/*!40111 SET @OLD_SQL_NOTES=@@SQL_NOTES, SQL_NOTES=0 */;

--
-- Table structure for table `bolivardolar`
--

DROP TABLE IF EXISTS `bolivardolar`;
/*!40101 SET @saved_cs_client     = @@character_set_client */;
/*!40101 SET character_set_client = utf8mb4 */;
CREATE TABLE `bolivardolar` (
  `TasaIDB` int(11) NOT NULL,
  `TasacambioB` decimal(10,2) NOT NULL
) ENGINE=InnoDB DEFAULT CHARSET=utf8mb4 COLLATE=utf8mb4_spanish_ci;
/*!40101 SET character_set_client = @saved_cs_client */;

--
-- Dumping data for table `bolivardolar`
--

LOCK TABLES `bolivardolar` WRITE;
/*!40000 ALTER TABLE `bolivardolar` DISABLE KEYS */;
INSERT INTO `bolivardolar` VALUES
(1,554.43);
/*!40000 ALTER TABLE `bolivardolar` ENABLE KEYS */;
UNLOCK TABLES;

--
-- Table structure for table `categorias`
--

DROP TABLE IF EXISTS `categorias`;
/*!40101 SET @saved_cs_client     = @@character_set_client */;
/*!40101 SET character_set_client = utf8mb4 */;
CREATE TABLE `categorias` (
  `categoriaIDC` int(11) NOT NULL AUTO_INCREMENT,
  `NombreC` varchar(150) NOT NULL,
  PRIMARY KEY (`categoriaIDC`)
) ENGINE=InnoDB AUTO_INCREMENT=11 DEFAULT CHARSET=utf8mb4 COLLATE=utf8mb4_spanish_ci;
/*!40101 SET character_set_client = @saved_cs_client */;

--
-- Dumping data for table `categorias`
--

LOCK TABLES `categorias` WRITE;
/*!40000 ALTER TABLE `categorias` DISABLE KEYS */;
INSERT INTO `categorias` VALUES
(1,'Chucherias'),
(2,'Galletas'),
(3,'Detallados'),
(4,'Bebidas'),
(5,'Comidas'),
(6,'Panaderias'),
(7,'Higiene'),
(8,'Caramelos'),
(9,'Empanadas'),
(10,'Libreria');
/*!40000 ALTER TABLE `categorias` ENABLE KEYS */;
UNLOCK TABLES;

--
-- Table structure for table `detallesventa`
--

DROP TABLE IF EXISTS `detallesventa`;
/*!40101 SET @saved_cs_client     = @@character_set_client */;
/*!40101 SET character_set_client = utf8mb4 */;
CREATE TABLE `detallesventa` (
  `DetalleID` int(11) NOT NULL AUTO_INCREMENT,
  `DetalleventaIDV` int(11) NOT NULL,
  `DetalleproductoIDP` int(11) DEFAULT NULL,
  `NombreProductoVendido` varchar(150) DEFAULT NULL,
  `CantidadD` int(11) NOT NULL,
  `PrecioventaD` decimal(10,2) NOT NULL,
  PRIMARY KEY (`DetalleID`),
  KEY `fk_Ventaproducto` (`DetalleventaIDV`),
  KEY `fk_Productovendido` (`DetalleproductoIDP`),
  CONSTRAINT `fk_Productovendido` FOREIGN KEY (`DetalleproductoIDP`) REFERENCES `productos` (`ProductoIDP`),
  CONSTRAINT `fk_Ventaproducto` FOREIGN KEY (`DetalleventaIDV`) REFERENCES `ventas` (`VentaIDV`)
) ENGINE=InnoDB AUTO_INCREMENT=1214 DEFAULT CHARSET=utf8mb4 COLLATE=utf8mb4_spanish_ci;
/*!40101 SET character_set_client = @saved_cs_client */;

--
-- Dumping data for table `detallesventa`
--

LOCK TABLES `detallesventa` WRITE;
/*!40000 ALTER TABLE `detallesventa` DISABLE KEYS */;
INSERT INTO `detallesventa` VALUES
(1,1,75,'Cafe (Pequeño)',1,139.42),
(2,2,93,'Empanadas (Combo)',1,896.27),
(3,3,48,'Empanadas (Unidad)',1,497.93),
(4,4,76,'Refrescos',1,239.64),
(5,5,48,'Empanadas (Unidad)',1,427.93),
(6,5,45,'Malta',1,320.95),
(7,6,45,'Malta',1,320.95),
(8,6,93,'Empanadas (Combo)',1,770.27),
(9,7,76,'Refrescos',1,239.64),
(10,8,57,'Jugo',1,256.76),
(11,9,3,'Galletas Club Social Original',1,171.17),
(12,10,76,'Refrescos',1,239.64),
(13,11,98,'Tocineta',1,106.98),
(14,11,83,'Torta',1,278.16),
(15,12,75,'Cafe (Pequeño)',1,119.82),
(16,13,9,'Galletas Belvita Hony',1,184.01),
(17,14,17,'Yogurt',2,775.82),
(18,15,76,'Refrescos',1,241.37),
(19,16,45,'Malta',1,323.26),
(20,16,4,'Galletas Club Social Integral',1,215.51),
(21,17,2,'Galletas BJ',1,193.95),
(22,18,1,'Galletas Rellenas',1,224.13),
(23,19,1,'Galletas Rellenas',1,225.16),
(24,20,1,'Galletas Rellenas',1,225.16),
(25,21,114,'Wafer galletas',1,121.29),
(26,22,45,'Malta',1,324.88),
(27,23,75,'Cafe (Pequeño)',2,121.29),
(28,24,48,'Empanadas (Unidad)',1,476.49),
(29,24,76,'Refrescos',1,242.58),
(30,25,33,'Chocolate Rodrigo',1,155.94),
(31,26,93,'Empanadas (Combo)',1,866.34),
(32,26,48,'Empanadas (Unidad)',1,476.49),
(33,26,74,'Cafe (Grande)',2,212.25),
(34,27,103,'Gelatina',1,281.56),
(35,28,74,'Cafe (Grande)',1,212.25),
(36,29,74,'Cafe (Grande)',1,212.25),
(37,29,83,'Torta ponque',1,433.17),
(38,30,75,'Cafe (Pequeño)',1,121.29),
(39,30,83,'Torta ponque',1,433.17),
(40,31,78,'Cafe Detallado',1,519.80),
(41,32,57,'Jugo',1,268.57),
(42,33,93,'Empanadas (Combo)',1,866.34),
(43,33,45,'Malta',1,324.88),
(44,34,8,'Galletas Soda',2,116.96),
(45,34,17,'Yogurt',1,779.71),
(46,35,76,'Refrescos',1,242.58),
(47,36,17,'Yogurt',1,779.71),
(48,37,13,'Maxicoco',1,337.87),
(49,38,76,'Refrescos',1,242.58),
(50,38,26,'Agogo',1,138.61),
(51,39,119,'Bolsa negra',1,212.25),
(52,40,73,'Papas En Bolsa',1,463.49),
(53,41,74,'Cafe (Grande)',2,212.25),
(54,42,17,'Yogurt',1,779.71),
(55,42,43,'Mani Mixto',1,268.57),
(56,43,26,'Agogo',1,139.60),
(57,44,57,'Jugo',1,270.47),
(58,45,76,'Refrescos',1,244.29),
(59,46,93,'Empanadas (Combo)',1,785.23),
(60,46,45,'Malta',1,327.18),
(61,47,93,'Empanadas (Combo)',1,785.23),
(62,47,57,'Jugo',1,270.47),
(63,48,45,'Malta',1,327.18),
(64,49,13,'Maxicoco',1,340.27),
(65,50,74,'Cafe (Grande)',1,213.76),
(66,50,103,'Gelatina',1,283.56),
(67,51,48,'Empanadas (Unidad)',1,436.24),
(68,51,75,'Cafe (Pequeño)',1,122.15),
(69,52,102,'Galletas Muu',1,174.50),
(70,53,3,'Galletas Club Social Original',1,174.50),
(71,53,76,'Refrescos',1,244.29),
(72,54,32,'Caramelos Bianchi',2,28.36),
(73,55,32,'Caramelos Bianchi',2,28.36),
(74,56,74,'Cafe (Grande)',1,213.76),
(75,57,76,'Refrescos',1,244.29),
(76,58,76,'Refrescos',1,244.29),
(77,59,98,'Tocineta',2,109.06),
(78,60,98,'Tocineta',2,109.06),
(79,61,3,'Galletas Club Social Original',2,174.50),
(80,62,3,'Galletas Club Social Original',2,174.50),
(81,63,8,'Galletas Soda',1,117.79),
(82,63,99,'Galletas Club Social Multicereal',1,218.12),
(83,63,71,'Paledonias',1,170.13),
(84,65,57,'Jugo',1,270.47),
(85,65,48,'Empanadas (Unidad)',1,436.24),
(86,66,99,'Galletas Club Social Multicereal',1,218.12),
(87,66,44,'Maiz Inflado',1,218.12),
(88,67,92,'Caramelos Menta Helada',5,16.14),
(89,68,76,'Refrescos',1,245.39),
(90,68,3,'Galletas Club Social Original',1,175.28),
(91,69,83,'Torta ponque',1,438.20),
(92,70,90,'Tizana',1,438.20),
(93,71,119,'Bolsa negra',1,214.72),
(94,72,45,'Malta',1,328.65),
(95,72,92,'Caramelos Menta Helada',2,16.21),
(96,73,48,'Empanadas (Unidad)',1,482.02),
(97,73,75,'Cafe (Pequeño)',1,122.70),
(98,74,93,'Empanadas (Combo)',1,876.40),
(99,74,75,'Cafe (Pequeño)',1,122.70),
(100,74,107,'Platanitos en bolsa',1,468.87),
(101,75,83,'Torta ponque',1,438.20),
(102,75,74,'Cafe (Grande)',1,214.72),
(103,76,90,'Tizana',2,438.20),
(104,76,73,'Papas En Bolsa',1,468.87),
(105,77,57,'Jugo',1,271.68),
(106,78,74,'Cafe (Grande)',1,214.72),
(107,79,92,'Caramelos Menta Helada',5,16.21),
(108,80,119,'Bolsa negra',1,216.07),
(109,81,74,'Cafe (Grande)',1,216.07),
(110,82,17,'Yogurt',1,793.73),
(111,83,90,'Tizana',1,440.96),
(112,83,107,'Platanitos en bolsa',2,471.83),
(113,84,118,'Papel bond',1,234.92),
(114,85,75,'Cafe (Pequeño)',1,124.11),
(115,86,57,'Jugo',1,265.95),
(116,87,48,'Empanadas (Unidad)',1,443.25),
(117,87,74,'Cafe (Grande)',1,217.19),
(118,88,78,'Cafe Detallado',1,531.90),
(119,89,45,'Malta',1,332.44),
(120,90,32,'Caramelos Bianchi',3,28.81),
(121,91,74,'Cafe (Grande)',1,217.19),
(122,91,3,'Galletas Club Social Original',2,177.30),
(123,92,92,'Caramelos Menta Helada',10,16.40),
(124,93,112,'Caramelos lokiño',3,19.95),
(125,93,32,'Caramelos Bianchi',2,28.81),
(126,94,92,'Caramelos Menta Helada',6,16.40),
(127,95,3,'Galletas Club Social Original',1,177.30),
(128,95,17,'Yogurt',1,797.85),
(129,96,3,'Galletas Club Social Original',1,177.30),
(130,97,100,'Perro Caliente',1,886.50),
(131,98,100,'Perro Caliente',1,886.50),
(132,98,45,'Malta',1,332.44),
(133,99,100,'Perro Caliente',1,886.50),
(134,99,45,'Malta',1,332.44),
(135,100,76,'Refrescos',1,248.22),
(136,101,26,'Agogo',1,141.84),
(137,101,76,'Refrescos',1,248.22),
(138,102,14,'Bianchi Chocomani',1,270.38),
(139,102,112,'Caramelos lokiño',4,19.95),
(140,103,76,'Refrescos',1,248.22),
(141,104,73,'Papas En Bolsa',1,474.28),
(142,104,45,'Malta',1,332.44),
(143,104,92,'Caramelos Menta Helada',5,16.40),
(144,105,92,'Caramelos Menta Helada',5,16.40),
(145,106,117,'Refresco en vaso',1,274.82),
(146,106,100,'Perro Caliente',1,886.50),
(147,107,92,'Caramelos Menta Helada',2,16.53),
(148,108,17,'Yogurt',1,804.24),
(149,109,93,'Empanadas (Combo)',2,893.60),
(150,109,9,'Galletas Belvita Hony',1,192.12),
(151,109,75,'Cafe (Pequeño)',1,125.10),
(152,109,126,'Torta pequena',1,402.12),
(153,110,17,'Yogurt',2,804.24),
(154,111,48,'Empanadas (Unidad)',1,491.48),
(155,112,92,'Caramelos Menta Helada',5,16.53),
(156,113,93,'Empanadas (Combo)',1,893.60),
(157,113,45,'Malta',1,335.10),
(158,114,101,'Perro Caliente Combo',1,1742.52),
(159,115,57,'Jugo',1,268.08),
(160,115,99,'Galletas Club Social Multicereal',1,223.40),
(161,116,76,'Refrescos',1,250.21),
(162,116,32,'Caramelos Bianchi',5,29.04),
(163,116,13,'Maxicoco',1,348.50),
(164,117,76,'Refrescos',1,250.21),
(165,118,76,'Refrescos',1,250.21),
(166,118,10,'Caramelos Freegells',1,14.74),
(167,119,1,'Galletas Rellenas',1,151.91),
(168,120,45,'Malta',2,335.10),
(169,120,97,'Raquety',1,326.16),
(170,121,91,'Mini Cocosette',4,165.32),
(171,122,32,'Caramelos Bianchi',4,29.04),
(172,123,90,'Tizana',3,446.80),
(173,123,93,'Empanadas (Combo)',1,893.60),
(174,123,45,'Malta',1,335.10),
(175,124,93,'Empanadas (Combo)',1,896.72),
(176,124,45,'Malta',1,336.27),
(177,125,93,'Empanadas (Combo)',1,896.72),
(178,125,57,'Jugo',1,269.02),
(179,126,48,'Empanadas (Unidad)',1,493.20),
(180,126,45,'Malta',1,336.27),
(181,127,3,'Galletas Club Social Original',1,179.34),
(182,127,57,'Jugo',1,269.02),
(183,127,73,'Papas En Bolsa',1,479.75),
(184,128,128,'Freegels caramelo barra',1,224.18),
(185,129,108,'Chocogol',1,89.67),
(186,130,75,'Cafe (Pequeño)',1,125.54),
(187,130,48,'Empanadas (Unidad)',1,493.20),
(188,131,42,'Mani Salado',1,313.85),
(189,132,9,'Galletas Belvita Hony',1,192.80),
(190,133,76,'Refrescos',1,251.08),
(191,134,48,'Empanadas (Unidad)',1,493.20),
(192,135,32,'Caramelos Bianchi',5,29.14),
(193,136,48,'Empanadas (Unidad)',1,493.20),
(194,136,57,'Jugo',1,269.02),
(195,136,92,'Caramelos Menta Helada',1,16.59),
(196,137,93,'Empanadas (Combo)',1,896.72),
(197,137,57,'Jugo',1,269.02),
(198,138,3,'Galletas Club Social Original',1,179.34),
(199,139,90,'Tizana',3,448.36),
(200,140,17,'Yogurt',1,807.05),
(201,140,3,'Galletas Club Social Original',1,179.34),
(202,141,26,'Agogo',1,143.48),
(203,142,103,'Gelatina',1,291.43),
(204,142,76,'Refrescos',1,251.08),
(205,142,126,'Torta pequena',1,403.52),
(206,143,101,'Perro Caliente Combo',1,1748.60),
(207,144,112,'Caramelos lokiño',5,20.18),
(208,144,127,'Trident mini',1,71.74),
(209,144,57,'Jugo',2,269.02),
(210,144,43,'Mani Mixto',1,313.85),
(211,145,116,'Maria caledpnia galletas',3,121.06),
(212,145,108,'Chocogol',1,89.67),
(213,146,101,'Perro Caliente Combo',1,1748.60),
(214,147,17,'Yogurt',2,807.05),
(215,147,103,'Gelatina',2,291.43),
(216,148,116,'Maria caledpnia galletas',1,121.06),
(217,148,61,'Chao En Linea',1,112.09),
(218,148,92,'Caramelos Menta Helada',2,16.59),
(219,149,93,'Empanadas (Combo)',2,903.60),
(220,149,45,'Malta',2,338.85),
(221,150,127,'Trident mini',2,72.29),
(222,150,61,'Chao En Linea',1,112.95),
(223,151,74,'Cafe (Grande)',1,221.38),
(224,152,93,'Empanadas (Combo)',2,903.60),
(225,152,74,'Cafe (Grande)',1,221.38),
(226,152,45,'Malta',1,338.85),
(227,153,93,'Empanadas (Combo)',1,903.60),
(228,153,57,'Jugo',1,271.08),
(229,154,76,'Refrescos',1,253.01),
(230,155,126,'Torta pequena',2,406.62),
(231,155,96,'Historia De Embarazadas',1,1129.50),
(232,156,107,'Platanitos en bolsa',1,483.43),
(233,157,126,'Torta pequena',1,406.62),
(234,157,129,'Nachos ',1,429.21),
(235,157,90,'Tizana',1,451.80),
(236,158,8,'Galletas Soda',2,121.99),
(237,158,90,'Tizana',1,451.80),
(238,158,126,'Torta pequena',1,406.62),
(239,159,78,'Cafe Detallado',1,546.30),
(240,159,77,'Azucar Detallada',1,145.68),
(241,160,78,'Cafe Detallado',1,546.30),
(242,160,77,'Azucar Detallada',1,145.68),
(243,161,45,'Malta',1,341.44),
(244,161,116,'Maria caledpnia galletas',1,122.92),
(245,162,45,'Malta',1,341.44),
(246,163,45,'Malta',1,341.44),
(247,164,48,'Empanadas (Unidad)',1,455.25),
(248,164,76,'Refrescos',1,254.94),
(249,165,45,'Malta',1,341.44),
(250,165,93,'Empanadas (Combo)',1,910.50),
(251,166,45,'Malta',1,341.44),
(252,166,123,'Chocolate savoy mini',1,368.75),
(253,167,17,'Yogurt',2,819.45),
(254,168,26,'Agogo',1,145.68),
(255,168,4,'Galletas Club Social Integral',1,227.63),
(256,169,75,'Cafe (Pequeño)',1,127.47),
(257,170,100,'Perro Caliente',1,910.50),
(258,171,57,'Jugo',1,264.05),
(259,172,45,'Malta',1,341.44),
(260,172,100,'Perro Caliente',1,910.50),
(261,173,103,'Gelatina',1,295.91),
(262,174,97,'Raquety',1,332.33),
(263,174,98,'Tocineta',1,113.81),
(264,175,43,'Mani Mixto',1,318.68),
(265,176,43,'Mani Mixto',1,318.68),
(266,176,68,'Papel Higienico',1,227.63),
(267,176,26,'Agogo',1,145.68),
(268,177,10,'Caramelos Freegells',4,15.02),
(269,177,48,'Empanadas (Unidad)',1,500.78),
(270,178,76,'Refrescos',1,273.15),
(271,179,77,'Azucar Detallada',1,145.68),
(272,180,92,'Caramelos Menta Helada',1,16.84),
(273,181,48,'Empanadas (Unidad)',1,500.78),
(274,181,76,'Refrescos',1,273.15),
(275,182,76,'Refrescos',1,273.15),
(276,182,3,'Galletas Club Social Original',1,182.10),
(277,183,76,'Refrescos',1,273.15),
(278,183,3,'Galletas Club Social Original',1,182.10),
(279,184,93,'Empanadas (Combo)',1,910.50),
(280,184,45,'Malta',1,341.44),
(281,184,17,'Yogurt',2,819.45),
(282,185,48,'Empanadas (Unidad)',1,500.78),
(283,185,32,'Caramelos Bianchi',5,29.59),
(284,186,45,'Malta',1,341.44),
(285,187,115,'Kraker bran galletas',1,195.76),
(286,188,17,'Yogurt',1,819.45),
(287,188,26,'Agogo',1,145.68),
(288,188,86,'Granola Chocolate',1,377.86),
(289,189,124,'Bolsa Negra',1,163.89),
(290,190,17,'Yogurt',1,819.45),
(291,191,92,'Caramelos Menta Helada',4,16.84),
(292,192,76,'Refrescos',1,273.15),
(293,192,26,'Agogo',1,145.68),
(294,193,131,'Frigurt',2,455.25),
(295,194,3,'Galletas Club Social Original',2,182.10),
(296,195,76,'Refrescos',1,273.15),
(297,195,126,'Torta pequena',1,455.25),
(298,196,102,'Galletas Muu',1,182.10),
(299,197,13,'Maxicoco',1,355.10),
(300,198,74,'Cafe (Grande)',2,223.07),
(301,199,76,'Refrescos',1,273.15),
(302,200,76,'Refrescos',1,273.15),
(303,201,57,'Jugo',1,265.10),
(304,202,45,'Malta',1,342.80),
(305,202,3,'Galletas Club Social Original',1,187.40),
(306,203,17,'Yogurt',1,822.73),
(307,203,43,'Mani Mixto',1,319.95),
(308,204,74,'Cafe (Grande)',1,223.96),
(309,205,92,'Caramelos Menta Helada',5,16.91),
(310,206,76,'Refrescos',1,274.24),
(311,207,93,'Empanadas (Combo)',1,914.14),
(312,207,57,'Jugo',1,265.10),
(313,208,57,'Jugo',1,265.10),
(314,209,17,'Yogurt',2,822.73),
(315,209,76,'Refrescos',1,274.24),
(316,209,107,'Platanitos en bolsa',1,489.07),
(317,210,76,'Refrescos',1,274.24),
(318,211,43,'Mani Mixto',1,319.95),
(319,211,44,'Maiz Inflado',1,228.54),
(320,212,57,'Jugo',1,265.10),
(321,212,115,'Kraker bran galletas',1,196.54),
(322,213,57,'Jugo',1,265.10),
(323,213,112,'Caramelos lokiño',5,20.57),
(324,214,92,'Caramelos Menta Helada',5,16.91),
(325,215,57,'Jugo',1,265.10),
(326,215,112,'Caramelos lokiño',5,20.57),
(327,216,103,'Gelatina',1,297.10),
(328,217,32,'Caramelos Bianchi',5,29.86),
(329,218,93,'Empanadas (Combo)',1,918.90),
(330,218,57,'Jugo',1,266.48),
(331,219,45,'Malta',1,344.59),
(332,219,92,'Caramelos Menta Helada',2,17.00),
(333,220,48,'Empanadas (Unidad)',3,505.40),
(334,221,45,'Malta',1,344.59),
(335,222,103,'Gelatina',2,298.64),
(336,223,90,'Tizana',3,459.45),
(337,223,45,'Malta',1,344.59),
(338,223,9,'Galletas Belvita Hony',1,197.56),
(339,224,45,'Malta',1,344.59),
(340,225,90,'Tizana',1,459.45),
(341,225,33,'Chocolate Rodrigo',1,165.40),
(342,225,74,'Cafe (Grande)',1,225.13),
(343,226,73,'Papas En Bolsa',1,491.61),
(344,227,115,'Kraker bran galletas',1,197.56),
(345,227,17,'Yogurt',1,827.01),
(346,228,17,'Yogurt',1,827.01),
(347,229,122,'Super popy',1,404.32),
(348,230,122,'Super popy',1,404.32),
(349,231,76,'Refrescos',1,275.67),
(350,232,45,'Malta',1,344.59),
(351,233,35,'Kesitos',1,261.89),
(352,234,26,'Agogo',1,128.65),
(353,235,48,'Empanadas (Unidad)',2,508.93),
(354,235,57,'Jugo',1,268.34),
(355,236,96,'Historia De Embarazadas',1,1156.65),
(356,237,132,'Cachito hojaldre',1,647.72),
(357,238,133,'Cafe con leche',1,693.99),
(358,239,93,'Empanadas (Combo)',1,925.32),
(359,239,57,'Jugo',2,268.34),
(360,240,132,'Cachito hojaldre',1,647.72),
(361,240,45,'Malta',1,347.00),
(362,241,92,'Caramelos Menta Helada',3,17.12),
(363,242,124,'Bolsa Negra',1,166.56),
(364,243,40,'Chiskecitos',1,402.51),
(365,244,45,'Malta',1,347.00),
(366,244,93,'Empanadas (Combo)',1,925.32),
(367,245,132,'Cachito hojaldre',1,647.72),
(368,245,116,'Maria caledpnia galletas',1,124.92),
(369,246,129,'Nachos ',1,439.53),
(370,247,17,'Yogurt',1,832.79),
(371,248,17,'Yogurt',1,832.79),
(372,249,32,'Caramelos Bianchi',4,30.07),
(373,250,112,'Caramelos lokiño',2,21.00),
(374,251,124,'Bolsa Negra',1,167.98),
(375,252,45,'Malta',1,349.95),
(376,253,45,'Malta',1,349.95),
(377,253,57,'Jugo',1,270.63),
(378,254,112,'Caramelos lokiño',1,21.00),
(379,254,57,'Jugo',1,270.63),
(380,255,133,'Cafe con leche',1,699.90),
(381,255,127,'Trident mini',1,74.66),
(382,256,48,'Empanadas (Unidad)',1,513.26),
(383,256,57,'Jugo',1,270.63),
(384,257,135,'Gelatina flan',1,419.94),
(385,257,17,'Yogurt',1,839.88),
(386,258,127,'Trident mini',2,74.66),
(387,259,93,'Empanadas (Combo)',1,933.20),
(388,259,57,'Jugo',1,270.63),
(389,260,45,'Malta',1,349.95),
(390,260,48,'Empanadas (Unidad)',1,513.26),
(391,260,26,'Agogo',1,130.65),
(392,261,132,'Cachito hojaldre',2,653.24),
(393,262,124,'Bolsa Negra',1,167.98),
(394,263,17,'Yogurt',1,839.88),
(395,264,93,'Empanadas (Combo)',1,933.20),
(396,264,74,'Cafe (Grande)',1,228.63),
(397,265,40,'Chiskecitos',1,405.94),
(398,265,127,'Trident mini',1,74.66),
(399,266,126,'Torta pequena',1,466.60),
(400,267,76,'Refrescos',1,279.96),
(401,268,109,'Bianchi barra',1,261.30),
(402,268,100,'Perro Caliente',1,933.20),
(403,268,57,'Jugo',1,270.63),
(404,269,76,'Refrescos',1,279.96),
(405,270,4,'Galletas Club Social Integral',2,233.30),
(406,270,26,'Agogo',2,130.65),
(407,271,112,'Caramelos lokiño',4,21.00),
(408,272,115,'Kraker bran galletas',1,201.46),
(409,272,45,'Malta',1,351.38),
(410,273,115,'Kraker bran galletas',1,201.46),
(411,273,45,'Malta',1,351.38),
(412,274,115,'Kraker bran galletas',1,201.46),
(413,274,45,'Malta',1,351.38),
(414,275,93,'Empanadas (Combo)',1,937.02),
(415,276,90,'Tizana',1,468.51),
(416,277,90,'Tizana',1,468.51),
(417,278,45,'Malta',1,351.38),
(418,279,45,'Malta',1,351.38),
(419,280,45,'Malta',1,351.38),
(420,280,138,'Pizza',1,655.91),
(421,281,45,'Malta',1,351.38),
(422,281,138,'Pizza',1,655.91),
(423,282,57,'Jugo',1,271.74),
(424,282,4,'Galletas Club Social Integral',1,234.26),
(425,283,57,'Jugo',1,271.74),
(426,283,4,'Galletas Club Social Integral',1,234.26),
(427,284,32,'Caramelos Bianchi',6,30.45),
(428,285,32,'Caramelos Bianchi',6,30.45),
(429,286,138,'Pizza',1,655.91),
(430,286,45,'Malta',1,351.38),
(431,287,138,'Pizza',1,655.91),
(432,287,45,'Malta',1,351.38),
(433,288,103,'Gelatina',1,304.53),
(434,289,103,'Gelatina',1,304.53),
(435,290,61,'Chao En Linea',1,117.13),
(436,291,61,'Chao En Linea',1,117.13),
(437,292,62,'Chupetas',4,83.40),
(438,294,48,'Empanadas (Unidad)',1,515.36),
(439,294,45,'Malta',1,351.38),
(440,295,48,'Empanadas (Unidad)',1,515.36),
(441,295,45,'Malta',1,351.38),
(442,296,25,'Pepitas',1,248.31),
(443,297,48,'Empanadas (Unidad)',1,515.36),
(444,298,17,'Yogurt',1,843.32),
(445,299,17,'Yogurt',1,843.32),
(446,300,17,'Yogurt',2,843.32),
(447,301,17,'Yogurt',2,843.32),
(448,302,13,'Maxicoco',1,365.44),
(449,303,13,'Maxicoco',1,365.44),
(450,304,138,'Pizza',1,655.91),
(451,304,57,'Jugo',1,271.74),
(452,305,138,'Pizza',1,655.91),
(453,305,57,'Jugo',1,271.74),
(454,306,45,'Malta',1,351.38),
(455,306,13,'Maxicoco',1,365.44),
(456,307,45,'Malta',1,351.38),
(457,307,13,'Maxicoco',1,365.44),
(458,308,61,'Chao En Linea',2,117.13),
(459,309,61,'Chao En Linea',2,117.13),
(460,310,32,'Caramelos Bianchi',2,30.45),
(461,310,40,'Chiskecitos',1,407.60),
(462,310,45,'Malta',1,351.38),
(463,311,45,'Malta',2,355.54),
(464,311,93,'Empanadas (Combo)',1,948.10),
(465,311,123,'Chocolate savoy mini',1,383.98),
(466,311,127,'Trident mini',2,75.85),
(467,312,26,'Agogo',1,132.73),
(468,312,127,'Trident mini',1,75.85),
(469,313,96,'Historia De Embarazadas',1,1185.13),
(470,313,136,'Centro de cama',4,379.24),
(471,314,76,'Refrescos',1,284.43),
(472,314,92,'Caramelos Menta Helada',2,17.54),
(473,315,75,'Cafe (Pequeño)',1,132.73),
(474,316,108,'Chocogol',4,94.81),
(475,316,18,'Samba Mini',2,293.91),
(476,317,73,'Papas En Bolsa',1,507.23),
(477,317,92,'Caramelos Menta Helada',5,17.54),
(478,318,76,'Refrescos',1,284.43),
(479,318,132,'Cachito hojaldre',1,758.48),
(480,319,57,'Jugo',2,274.95),
(481,320,71,'Paledonias',1,184.88),
(482,321,93,'Empanadas (Combo)',1,949.06),
(483,321,76,'Refrescos',1,284.72),
(484,321,74,'Cafe (Grande)',1,232.52),
(485,322,75,'Cafe (Pequeño)',2,132.87),
(486,323,48,'Empanadas (Unidad)',1,521.98),
(487,323,75,'Cafe (Pequeño)',1,132.87),
(488,324,32,'Caramelos Bianchi',2,30.84),
(489,324,92,'Caramelos Menta Helada',2,17.56),
(490,325,32,'Caramelos Bianchi',2,30.84),
(491,326,74,'Cafe (Grande)',1,232.52),
(492,327,26,'Agogo',1,132.87),
(493,328,48,'Empanadas (Unidad)',2,521.98),
(494,329,57,'Jugo',1,275.23),
(495,330,124,'Bolsa Negra',1,170.83),
(496,331,17,'Yogurt',1,759.25),
(497,332,32,'Caramelos Bianchi',5,30.84),
(498,333,102,'Galletas Muu',1,189.81),
(499,334,127,'Trident mini',2,75.93),
(500,335,90,'Tizana',1,474.53),
(501,335,132,'Cachito hojaldre',1,759.25),
(502,336,76,'Refrescos',1,284.72),
(503,336,57,'Jugo',1,275.23),
(504,336,26,'Agogo',1,132.87),
(505,337,77,'Azucar Detallada',1,151.85),
(506,338,48,'Empanadas (Unidad)',2,522.50),
(507,339,48,'Empanadas (Unidad)',4,522.50),
(508,340,76,'Refrescos',2,285.00),
(509,341,138,'Pizza',1,698.25),
(510,342,138,'Pizza',1,698.25),
(511,342,57,'Jugo',1,275.50),
(512,343,17,'Yogurt',2,760.00),
(513,344,17,'Yogurt',1,760.00),
(514,345,92,'Caramelos Menta Helada',3,17.58),
(515,346,92,'Caramelos Menta Helada',5,17.58),
(516,346,73,'Papas En Bolsa',1,508.25),
(517,347,76,'Refrescos',1,285.00),
(518,347,72,'Paledonia De Coco',1,185.25),
(519,348,76,'Refrescos',1,285.00),
(520,349,76,'Refrescos',1,285.00),
(521,350,40,'Chiskecitos',1,413.25),
(522,351,93,'Empanadas (Combo)',1,951.90),
(523,351,57,'Jugo',1,276.05),
(524,352,3,'Galletas Club Social Original',2,195.14),
(525,352,73,'Papas En Bolsa',1,509.27),
(526,357,9,'Galletas Belvita Hony',1,204.66),
(527,358,77,'Azucar Detallada',1,152.30),
(528,358,26,'Agogo',1,133.27),
(529,358,57,'Jugo',1,276.05),
(530,359,126,'Torta ',2,618.74),
(531,360,32,'Caramelos Bianchi',6,30.94),
(532,361,13,'Maxicoco',1,371.24),
(533,362,115,'Kraker bran galletas',1,204.66),
(534,362,90,'Tizana',1,475.95),
(535,363,76,'Refrescos',1,285.57),
(536,364,17,'Yogurt',1,714.65),
(537,364,43,'Mani Mixto',1,333.50),
(538,365,127,'Trident mini',1,76.23),
(539,366,127,'Trident mini',1,76.23),
(540,367,109,'Bianchi barra',1,266.80),
(541,367,127,'Trident mini',1,76.23),
(542,368,109,'Bianchi barra',1,266.80),
(543,368,127,'Trident mini',1,76.23),
(544,369,92,'Caramelos Menta Helada',4,17.63),
(545,370,26,'Agogo',1,133.60),
(546,371,57,'Jugo',1,276.74),
(547,372,3,'Galletas Club Social Original',1,195.63),
(548,372,115,'Kraker bran galletas',1,205.17),
(549,372,75,'Cafe (Pequeño)',1,133.60),
(550,373,4,'Galletas Club Social Integral',1,238.57),
(551,374,48,'Empanadas (Unidad)',2,524.85),
(552,374,57,'Jugo',1,276.74),
(553,375,61,'Chao En Linea',1,119.29),
(554,375,26,'Agogo',1,133.60),
(555,375,92,'Caramelos Menta Helada',2,17.65),
(556,376,90,'Tizana',2,477.14),
(557,377,71,'Paledonias',3,200.40),
(558,378,76,'Refrescos',2,286.28),
(559,378,18,'Samba Mini',1,295.83),
(560,379,3,'Galletas Club Social Original',1,195.63),
(561,379,48,'Empanadas (Unidad)',1,524.85),
(562,380,92,'Caramelos Menta Helada',5,17.65),
(563,381,126,'Torta ',1,715.71),
(564,381,77,'Azucar Detallada',1,152.69),
(565,382,126,'Torta ',1,715.71),
(566,383,45,'Malta',1,358.22),
(567,383,57,'Jugo',1,277.02),
(568,383,48,'Empanadas (Unidad)',1,525.38),
(569,384,127,'Trident mini',2,76.57),
(570,385,132,'Cachito hojaldre',1,703.51),
(571,385,76,'Refrescos',1,287.15),
(572,386,93,'Empanadas (Combo)',1,957.16),
(573,387,124,'Bolsa Negra',2,172.29),
(574,388,74,'Cafe (Grande)',2,239.29),
(575,389,77,'Azucar Detallada',1,153.15),
(576,390,76,'Refrescos',2,287.86),
(577,390,45,'Malta',1,359.83),
(578,391,92,'Caramelos Menta Helada',3,17.75),
(579,392,127,'Trident mini',1,76.76),
(580,393,17,'Yogurt',1,767.63),
(581,393,41,'Chocolate Miramar',1,575.72),
(582,393,112,'Caramelos lokiño',2,21.59),
(583,394,96,'Historia De Embarazadas',1,1199.43),
(584,395,96,'Historia De Embarazadas',1,1199.43),
(585,395,4,'Galletas Club Social Integral',1,239.89),
(586,396,74,'Cafe (Grande)',1,239.89),
(587,397,13,'Maxicoco',2,374.22),
(588,397,9,'Galletas Belvita Hony',1,206.30),
(589,398,17,'Yogurt',1,767.63),
(590,398,127,'Trident mini',1,76.76),
(591,399,48,'Empanadas (Unidad)',1,527.75),
(592,400,48,'Empanadas (Unidad)',2,528.28),
(593,400,57,'Jugo',1,278.55),
(594,401,132,'Cachito hojaldre',1,705.97),
(595,401,45,'Malta',1,360.19),
(596,401,48,'Empanadas (Unidad)',1,528.28),
(597,402,103,'Gelatina',2,336.18),
(598,403,128,'Freegels caramelo barra',1,240.13),
(599,403,48,'Empanadas (Unidad)',2,528.28),
(600,404,71,'Paledonias Coco y normal',1,201.71),
(601,405,76,'Refrescos',1,288.15),
(602,406,90,'Tizana',2,480.25),
(603,406,45,'Malta',1,360.19),
(604,406,132,'Cachito hojaldre',1,705.97),
(605,407,48,'Empanadas (Unidad)',1,528.28),
(606,407,57,'Jugo',1,278.55),
(607,407,25,'Pepitas',1,254.53),
(608,408,10,'Caramelos Freegells',2,15.85),
(609,408,127,'Trident mini',1,76.84),
(610,408,112,'Caramelos lokiño',1,21.61),
(611,409,73,'Papas En Bolsa',1,513.87),
(612,409,26,'Agogo',1,134.47),
(613,410,73,'Papas En Bolsa',1,513.87),
(614,411,42,'Mani Salado',1,336.18),
(615,412,97,'Raquety',1,350.58),
(616,413,57,'Jugo',1,278.55),
(617,414,132,'Cachito hojaldre',1,705.97),
(618,414,123,'Chocolate savoy mini',1,389.00),
(619,414,57,'Jugo',1,278.55),
(620,414,78,'Cafe Detallado',1,576.30),
(621,414,77,'Azucar Detallada',1,153.68),
(622,415,127,'Trident mini',2,76.99),
(623,416,78,'Cafe Detallado',1,577.45),
(624,417,66,'Toallitas Wanitas',1,72.18),
(625,417,68,'Papel Higienico',1,240.61),
(626,417,48,'Empanadas (Unidad)',2,529.33),
(627,417,57,'Jugo',1,279.10),
(628,418,74,'Cafe (Grande)',1,240.61),
(629,418,10,'Caramelos Freegells',5,15.88),
(630,419,48,'Empanadas (Unidad)',3,529.33),
(631,419,75,'Cafe (Pequeño)',1,134.74),
(632,420,45,'Malta',1,360.91),
(633,420,57,'Jugo',1,279.10),
(634,421,17,'Yogurt',3,769.94),
(635,422,132,'Cachito hojaldre',1,707.38),
(636,422,57,'Jugo',1,279.10),
(637,423,17,'Yogurt',1,769.94),
(638,424,76,'Refrescos',1,288.73),
(639,425,100,'Perro Caliente',1,962.42),
(640,426,132,'Cachito hojaldre',1,707.38),
(641,426,141,'Torta ajedrez',1,1203.03),
(642,427,57,'Jugo',1,279.10),
(643,428,76,'Refrescos',2,288.73),
(644,428,48,'Empanadas (Unidad)',1,529.33),
(645,428,75,'Cafe (Pequeño)',1,134.74),
(646,429,73,'Papas En Bolsa',1,514.90),
(647,430,141,'Torta ajedrez',2,1203.03),
(648,430,76,'Refrescos',1,288.73),
(649,431,71,'Paledonias Coco y normal',3,202.11),
(650,431,76,'Refrescos',1,288.73),
(651,432,73,'Papas En Bolsa',1,514.90),
(652,432,17,'Yogurt',1,769.94),
(653,433,45,'Malta',1,361.27),
(654,433,48,'Empanadas (Unidad)',1,529.86),
(655,433,57,'Jugo',1,279.38),
(656,434,93,'Empanadas (Combo)',1,963.38),
(657,434,45,'Malta',1,361.27),
(658,435,48,'Empanadas (Unidad)',3,529.86),
(659,435,45,'Malta',1,361.27),
(660,435,57,'Jugo',1,279.38),
(661,436,77,'Azucar Detallada',1,154.14),
(662,437,132,'Cachito hojaldre',1,708.08),
(663,438,17,'Yogurt',1,770.70),
(664,439,45,'Malta',1,361.27),
(665,439,92,'Caramelos Menta Helada',2,17.82),
(666,440,18,'Samba Mini',1,375.72),
(667,441,3,'Galletas Club Social Original',2,211.94),
(668,441,57,'Jugo',1,279.38),
(669,442,92,'Caramelos Menta Helada',5,17.82),
(670,443,73,'Papas En Bolsa',2,515.41),
(671,443,76,'Refrescos',1,289.01),
(672,444,102,'Galletas Muu',1,192.68),
(673,444,32,'Caramelos Bianchi',3,23.12),
(674,445,26,'Agogo',1,134.87),
(675,445,124,'Bolsa Negra',1,173.41),
(676,446,71,'Paledonias Coco y normal',1,202.31),
(677,446,90,'Tizana',1,481.69),
(678,447,26,'Agogo',1,134.87),
(679,447,112,'Caramelos lokiño',2,21.68),
(680,448,13,'Maxicoco',2,375.72),
(681,449,13,'Maxicoco',1,375.72),
(682,450,76,'Refrescos',1,289.01),
(683,451,141,'Torta ajedrez',1,1204.23),
(684,452,90,'Tizana',1,481.69),
(685,453,76,'Refrescos',1,289.01),
(686,454,92,'Caramelos Menta Helada',3,17.82),
(687,455,92,'Caramelos Menta Helada',3,17.82),
(688,456,92,'Caramelos Menta Helada',2,17.82),
(689,457,124,'Bolsa Negra',1,173.79),
(690,458,132,'Cachito hojaldre',1,709.64),
(691,458,48,'Empanadas (Unidad)',1,531.03),
(692,459,78,'Cafe Detallado',2,579.30),
(693,459,77,'Azucar Detallada',1,154.48),
(694,459,71,'Paledonias Coco y normal',1,202.76),
(695,460,48,'Empanadas (Unidad)',2,531.03),
(696,460,45,'Malta',1,362.06),
(697,461,92,'Caramelos Menta Helada',5,17.86),
(698,461,127,'Trident mini',3,77.24),
(699,462,141,'Torta ajedrez',1,1206.88),
(700,463,108,'Chocogol',1,96.55),
(701,463,139,'Carpeta amarilla carta',1,159.31),
(702,463,132,'Cachito hojaldre',1,709.64),
(703,464,129,'Nachos ',1,458.61),
(704,465,8,'Galletas Soda',1,130.34),
(705,466,116,'Maria caledpnia galletas',1,96.55),
(706,467,78,'Cafe Detallado',2,579.30),
(707,467,45,'Malta',2,362.06),
(708,467,48,'Empanadas (Unidad)',2,531.03),
(709,468,78,'Cafe Detallado',2,579.30),
(710,468,45,'Malta',2,362.06),
(711,468,48,'Empanadas (Unidad)',2,531.03),
(712,469,141,'Torta ajedrez',1,1206.88),
(713,470,26,'Agogo',1,168.96),
(714,471,129,'Nachos ',1,458.61),
(715,472,17,'Yogurt',1,772.40),
(716,473,45,'Malta',1,362.50),
(717,473,92,'Caramelos Menta Helada',2,17.88),
(718,474,124,'Bolsa Negra',2,174.00),
(719,474,96,'Historia De Embarazadas',1,1208.33),
(720,474,61,'Chao En Linea',1,120.83),
(721,475,48,'Empanadas (Unidad)',2,531.66),
(722,476,57,'Jugo',1,280.33),
(723,476,127,'Trident mini',2,77.33),
(724,477,67,'Toallitas Detalladas',2,33.83),
(725,478,92,'Caramelos Menta Helada',2,17.88),
(726,479,3,'Galletas Club Social Original',2,212.67),
(727,480,141,'Torta ajedrez',1,1208.33),
(728,480,48,'Empanadas (Unidad)',2,531.66),
(729,480,57,'Jugo',2,280.33),
(730,481,48,'Empanadas (Unidad)',1,531.66),
(731,481,57,'Jugo',1,280.33),
(732,482,4,'Galletas Club Social Integral',2,227.17),
(733,483,93,'Empanadas (Combo)',1,967.74),
(734,483,75,'Cafe (Pequeño)',2,145.16),
(735,484,45,'Malta',1,362.90),
(736,484,26,'Agogo',1,169.36),
(737,485,45,'Malta',1,362.90),
(738,485,135,'Gelatina flan',1,483.87),
(739,486,48,'Empanadas (Unidad)',4,558.01),
(740,486,45,'Malta',1,388.18),
(741,487,92,'Caramelos Menta Helada',15,17.95),
(742,488,48,'Empanadas (Unidad)',2,558.01),
(743,488,45,'Malta',1,388.18),
(744,488,123,'Chocolate savoy mini',1,451.26),
(745,489,48,'Empanadas (Unidad)',4,558.01),
(746,489,57,'Jugo',1,281.43),
(747,490,48,'Empanadas (Unidad)',4,558.01),
(748,490,57,'Jugo',1,281.43),
(749,491,57,'Jugo',1,281.43),
(750,492,57,'Jugo',1,281.43),
(751,492,32,'Caramelos Bianchi',3,23.29),
(752,493,74,'Cafe (Grande)',1,242.62),
(753,494,135,'Gelatina flan',1,485.23),
(754,495,71,'Paledonias Coco y normal',3,203.80),
(755,496,126,'Torta ',1,727.85),
(756,497,124,'Bolsa Negra',2,174.68),
(757,498,135,'Gelatina flan',1,485.23),
(758,498,126,'Torta ',3,727.85),
(759,498,57,'Jugo',1,281.43),
(760,498,132,'Cachito hojaldre',1,713.29),
(761,499,76,'Refrescos',1,291.14),
(762,500,73,'Papas En Bolsa',1,519.20),
(763,501,92,'Caramelos Menta Helada',15,25.72),
(764,501,33,'Chocolate Rodrigo',2,174.68),
(765,502,57,'Jugo',1,281.43),
(766,502,26,'Agogo',1,169.83),
(767,502,73,'Papas En Bolsa',1,519.20),
(768,503,76,'Refrescos',1,291.14),
(769,504,132,'Cachito hojaldre',1,713.29),
(770,504,45,'Malta',1,388.18),
(771,505,45,'Malta',1,388.18),
(772,506,48,'Empanadas (Unidad)',1,559.12),
(773,506,132,'Cachito hojaldre',1,714.70),
(774,507,48,'Empanadas (Unidad)',1,559.12),
(775,507,132,'Cachito hojaldre',1,714.70),
(776,508,139,'Carpeta amarilla carta',1,160.44),
(777,508,105,'Hojas blancas',5,28.69),
(778,509,127,'Trident mini',1,77.79),
(779,510,43,'Mani Mixto',1,340.33),
(780,510,132,'Cachito hojaldre',1,714.70),
(781,511,124,'Bolsa Negra',1,92.38),
(782,512,93,'Empanadas (Combo)',1,1021.00),
(783,512,132,'Cachito hojaldre',1,714.70),
(784,512,43,'Mani Mixto',1,340.33),
(785,513,139,'Carpeta amarilla carta',1,160.44),
(786,514,92,'Caramelos Menta Helada',4,25.77),
(787,515,122,'Super popy',1,427.85),
(788,516,48,'Empanadas (Unidad)',1,559.12),
(789,517,48,'Empanadas (Unidad)',2,559.12),
(790,517,45,'Malta',1,388.95),
(791,518,48,'Empanadas (Unidad)',2,559.12),
(792,518,45,'Malta',1,388.95),
(793,519,139,'Carpeta amarilla carta',1,160.44),
(794,520,17,'Yogurt',2,777.90),
(795,521,45,'Malta',1,388.95),
(796,521,132,'Cachito hojaldre',1,714.70),
(797,522,3,'Galletas Club Social Original',1,213.92),
(798,522,127,'Trident mini',1,77.79),
(799,522,112,'Caramelos lokiño',2,21.88),
(800,523,116,'Maria caledpnia galletas',1,97.42),
(801,523,76,'Refrescos',1,292.27),
(802,524,116,'Maria caledpnia galletas',1,97.42),
(803,524,76,'Refrescos',1,292.27),
(804,525,74,'Cafe (Grande)',1,243.56),
(805,525,10,'Caramelos Freegells',4,16.08),
(806,526,18,'Samba Mini',2,379.95),
(807,527,124,'Bolsa Negra',1,92.55),
(808,528,74,'Cafe (Grande)',1,243.56),
(809,528,116,'Maria caledpnia galletas',1,97.42),
(810,529,74,'Cafe (Grande)',1,243.56),
(811,529,116,'Maria caledpnia galletas',1,97.42),
(812,530,74,'Cafe (Grande)',1,243.56),
(813,530,76,'Refrescos',1,292.27),
(814,531,92,'Caramelos Menta Helada',5,25.82),
(815,532,105,'Hojas blancas',5,28.74),
(816,532,139,'Carpeta amarilla carta',1,160.75),
(817,533,124,'Bolsa Negra',1,92.55),
(818,533,107,'Platanitos en bolsa',1,521.22),
(819,534,45,'Malta',1,389.70),
(820,534,73,'Papas En Bolsa',1,521.22),
(821,535,48,'Empanadas (Unidad)',2,560.19),
(822,535,74,'Cafe (Grande)',1,243.56),
(823,536,48,'Empanadas (Unidad)',2,560.19),
(824,536,74,'Cafe (Grande)',1,243.56),
(825,537,48,'Empanadas (Unidad)',1,560.19),
(826,537,76,'Refrescos',1,292.27),
(827,537,71,'Paledonias Coco y normal',1,204.59),
(828,538,90,'Tizana',1,487.12),
(829,538,57,'Jugo',1,282.53),
(830,539,92,'Caramelos Menta Helada',4,25.82),
(831,540,92,'Caramelos Menta Helada',4,25.82),
(832,541,71,'Paledonias Coco y normal',1,204.59),
(833,542,26,'Agogo',1,170.49),
(834,542,57,'Jugo',1,282.53),
(835,543,92,'Caramelos Menta Helada',9,25.82),
(836,543,32,'Caramelos Bianchi',5,23.38),
(837,544,78,'Cafe Detallado',1,587.46),
(838,544,77,'Azucar Detallada',1,156.66),
(839,545,139,'Carpeta amarilla carta',1,161.55),
(840,546,92,'Caramelos Menta Helada',5,22.03),
(841,547,127,'Trident mini',4,78.33),
(842,548,127,'Trident mini',2,78.33),
(843,548,17,'Yogurt',1,783.28),
(844,548,3,'Galletas Club Social Original',1,215.40),
(845,549,48,'Empanadas (Unidad)',1,562.98),
(846,550,85,'Granola Avena Miel',1,342.69),
(847,550,17,'Yogurt',1,783.28),
(848,551,57,'Jugo',2,283.94),
(849,551,92,'Caramelos Menta Helada',3,22.03),
(850,552,96,'Historia De Embarazadas',1,1223.88),
(851,552,136,'Centro de cama',6,428.36),
(852,552,118,'Papel bond',2,166.45),
(853,553,45,'Malta',1,391.64),
(854,554,139,'Carpeta amarilla carta',1,161.55),
(855,554,105,'Hojas blancas',5,28.88),
(856,555,139,'Carpeta amarilla carta',1,161.55),
(857,555,105,'Hojas blancas',5,28.88),
(858,556,17,'Yogurt',1,783.28),
(859,556,13,'Maxicoco',1,381.85),
(860,557,73,'Papas En Bolsa',1,523.82),
(861,558,48,'Empanadas (Unidad)',3,562.98),
(862,558,76,'Refrescos',1,293.73),
(863,558,13,'Maxicoco',1,381.85),
(864,559,45,'Malta',1,391.64),
(865,559,71,'Paledonias Coco y normal',2,205.61),
(866,560,41,'Chocolate Miramar',1,489.55),
(867,561,13,'Maxicoco',1,381.85),
(868,561,85,'Granola Avena Miel',1,342.69),
(869,562,74,'Cafe (Grande)',1,244.78),
(870,563,57,'Jugo',1,283.94),
(871,564,9,'Galletas Belvita Hony',1,264.36),
(872,564,127,'Trident mini',1,78.33),
(873,565,124,'Bolsa Negra',1,93.01),
(874,566,76,'Refrescos',1,293.73),
(875,566,9,'Galletas Belvita Hony',1,264.36),
(876,566,26,'Agogo',1,171.34),
(877,567,13,'Maxicoco',1,381.85),
(878,567,76,'Refrescos',1,293.73),
(879,568,90,'Tizana',2,489.55),
(880,569,92,'Caramelos Menta Helada',4,22.03),
(881,570,76,'Refrescos',1,293.73),
(882,571,48,'Empanadas (Unidad)',1,562.98),
(883,572,48,'Empanadas (Unidad)',7,563.56),
(884,572,57,'Jugo',3,284.23),
(885,572,45,'Malta',2,392.04),
(886,572,103,'Gelatina',1,343.04),
(887,572,3,'Galletas Club Social Original',1,215.62),
(888,573,90,'Tizana',1,490.05),
(889,574,48,'Empanadas (Unidad)',1,563.56),
(890,574,3,'Galletas Club Social Original',1,215.62),
(891,574,73,'Papas En Bolsa',2,524.35),
(892,575,74,'Cafe (Grande)',1,245.03),
(893,576,132,'Cachito hojaldre',3,720.37),
(894,576,103,'Gelatina',2,343.04),
(895,577,13,'Maxicoco',1,382.24),
(896,578,76,'Refrescos',1,294.03),
(897,579,76,'Refrescos',1,294.03),
(898,580,71,'Paledonias Coco y normal',1,205.82),
(899,581,71,'Paledonias Coco y normal',1,205.82),
(900,582,26,'Agogo',1,171.52),
(901,582,57,'Jugo',1,284.23),
(902,583,26,'Agogo',1,171.52),
(903,583,57,'Jugo',1,284.23),
(904,584,92,'Caramelos Menta Helada',3,22.05),
(905,585,74,'Cafe (Grande)',1,246.69),
(906,586,124,'Bolsa Negra',1,98.68),
(907,587,48,'Empanadas (Unidad)',2,567.39),
(908,587,57,'Jugo',1,286.16),
(909,588,90,'Tizana',1,493.38),
(910,589,45,'Malta',1,397.46),
(911,589,48,'Empanadas (Unidad)',1,571.35),
(912,590,45,'Malta',1,397.46),
(913,591,26,'Agogo',1,173.89),
(914,591,109,'Bianchi barra',1,278.23),
(915,592,48,'Empanadas (Unidad)',2,571.35),
(916,592,57,'Jugo',1,288.16),
(917,593,17,'Yogurt',1,794.93),
(918,594,115,'Kraker bran galletas',1,253.38),
(919,594,85,'Granola Avena Miel',1,347.78),
(920,595,45,'Malta',1,397.46),
(921,595,48,'Empanadas (Unidad)',1,571.35),
(922,596,71,'Paledonias Coco y normal',1,208.67),
(923,597,48,'Empanadas (Unidad)',2,571.35),
(924,597,45,'Malta',1,397.46),
(925,597,92,'Caramelos Menta Helada',10,22.36),
(926,598,75,'Cafe (Pequeño)',1,149.05),
(927,598,126,'Torta ',1,745.25),
(928,598,73,'Papas En Bolsa',1,531.61),
(929,599,3,'Galletas Club Social Original',1,218.61),
(930,600,103,'Gelatina',1,347.78),
(931,601,48,'Empanadas (Unidad)',2,571.35),
(932,601,74,'Cafe (Grande)',1,248.42),
(933,601,75,'Cafe (Pequeño)',1,149.05),
(934,602,109,'Bianchi barra',1,278.23),
(935,603,17,'Yogurt',1,800.74),
(936,604,77,'Azucar Detallada',1,160.15),
(937,605,78,'Cafe Detallado',1,600.55),
(938,606,26,'Agogo',1,175.16),
(939,607,48,'Empanadas (Unidad)',1,575.53),
(940,608,74,'Cafe (Grande)',1,250.23),
(941,608,9,'Galletas Belvita Hony',2,270.25),
(942,608,107,'Platanitos en bolsa',1,535.49),
(943,609,92,'Caramelos Menta Helada',4,22.52),
(944,610,26,'Agogo',1,175.16),
(945,610,76,'Refrescos',1,350.32),
(946,611,124,'Bolsa Negra',2,100.09),
(947,612,13,'Maxicoco',1,390.36),
(948,612,97,'Raquety',1,365.34),
(949,613,73,'Papas En Bolsa',1,535.49),
(950,613,45,'Malta',1,400.37),
(951,614,139,'Carpeta amarilla carta',1,165.15),
(952,614,105,'Hojas blancas',5,29.53),
(953,615,73,'Papas En Bolsa',1,535.49),
(954,615,76,'Refrescos',1,350.32),
(955,616,45,'Malta',1,400.37),
(956,617,73,'Papas En Bolsa',1,535.49),
(957,618,57,'Jugo',2,300.28),
(958,618,73,'Papas En Bolsa',2,535.49),
(959,619,48,'Empanadas (Unidad)',1,580.65),
(960,619,57,'Jugo',1,302.95),
(961,619,132,'Cachito hojaldre',1,742.22),
(962,620,78,'Cafe Detallado',1,605.89),
(963,621,57,'Jugo',1,302.95),
(964,622,133,'Cafe con leche',1,757.37),
(965,623,48,'Empanadas (Unidad)',1,580.65),
(966,624,48,'Empanadas (Unidad)',1,580.65),
(967,624,57,'Jugo',1,302.95),
(968,625,48,'Empanadas (Unidad)',1,580.65),
(969,625,45,'Malta',1,403.93),
(970,626,115,'Kraker bran galletas',1,257.50),
(971,627,76,'Refrescos',1,353.44),
(972,627,90,'Tizana',1,504.91),
(973,627,73,'Papas En Bolsa',1,540.25),
(974,627,13,'Maxicoco',1,393.83),
(975,627,40,'Chiskecitos',1,515.01),
(976,628,96,'Historia De Embarazadas',1,1312.77),
(977,629,139,'Carpeta amarilla carta',1,166.62),
(978,629,105,'Hojas blancas',5,29.79),
(979,630,40,'Chiskecitos',1,515.01),
(980,631,90,'Tizana',6,504.91),
(981,632,68,'Papel Higienico',1,252.46),
(982,633,124,'Bolsa Negra',1,100.98),
(983,634,136,'Centro de cama',2,441.80),
(984,635,76,'Refrescos',2,353.44),
(985,636,73,'Papas En Bolsa',1,540.25),
(986,637,26,'Agogo',1,176.72),
(987,638,41,'Chocolate Miramar',1,504.91),
(988,638,43,'Mani Mixto',1,302.95),
(989,639,17,'Yogurt',2,807.86),
(990,640,103,'Gelatina',1,353.44),
(991,641,45,'Malta',1,403.93),
(992,641,26,'Agogo',1,176.72),
(993,642,92,'Caramelos Menta Helada',4,22.72),
(994,643,77,'Azucar Detallada',1,161.57),
(995,643,76,'Refrescos',1,353.44),
(996,644,73,'Papas En Bolsa',1,540.25),
(997,645,75,'Cafe (Pequeño)',1,153.24),
(998,646,77,'Azucar Detallada',1,163.45),
(999,647,105,'Hojas blancas',5,30.14),
(1000,647,139,'Carpeta amarilla carta',1,168.56),
(1001,648,127,'Trident mini',1,81.73),
(1002,649,26,'Agogo',1,178.78),
(1003,649,43,'Mani Mixto',1,306.47),
(1007,653,43,'Mani Mixto',1,306.47),
(1008,653,57,'Jugo',1,306.47),
(1009,653,40,'Chiskecitos',1,521.01),
(1010,654,48,'Empanadas (Unidad)',2,587.41),
(1011,654,74,'Cafe (Grande)',2,255.40),
(1012,654,71,'Paledonias Coco y normal',1,214.53),
(1013,655,4,'Galletas Club Social Integral',1,240.07),
(1014,655,90,'Tizana',1,510.79),
(1015,655,43,'Mani Mixto',1,306.47),
(1016,656,48,'Empanadas (Unidad)',7,592.46),
(1017,656,45,'Malta',1,412.14),
(1018,657,45,'Malta',1,412.14),
(1019,658,45,'Malta',1,412.14),
(1020,658,43,'Mani Mixto',1,309.11),
(1021,659,76,'Refrescos',1,329.72),
(1022,659,48,'Empanadas (Unidad)',3,592.46),
(1023,660,48,'Empanadas (Unidad)',2,592.46),
(1024,660,74,'Cafe (Grande)',1,257.59),
(1025,661,124,'Bolsa Negra',1,108.19),
(1026,662,74,'Cafe (Grande)',1,257.59),
(1027,663,48,'Empanadas (Unidad)',1,592.46),
(1028,663,43,'Mani Mixto',1,309.11),
(1029,664,13,'Maxicoco',1,468.81),
(1030,665,90,'Tizana',2,515.18),
(1031,666,132,'Cachito hojaldre..Pizza..Palmera...',2,783.07),
(1032,666,90,'Tizana',1,515.18),
(1033,666,48,'Empanadas (Unidad)',1,592.46),
(1034,666,45,'Malta',2,412.14),
(1035,667,73,'Papas En Bolsa',1,551.24),
(1036,667,45,'Malta',1,412.14),
(1037,667,32,'Caramelos Bianchi',5,33.49),
(1038,668,13,'Maxicoco',1,468.81),
(1039,669,45,'Malta',1,412.14),
(1040,669,100,'Perro Caliente',1,1030.36),
(1041,669,48,'Empanadas (Unidad)',1,592.46),
(1042,670,13,'Maxicoco',1,468.81),
(1043,671,43,'Mani Mixto',1,310.78),
(1044,671,146,'Platanitos',1,517.96),
(1045,672,48,'Empanadas (Unidad)',2,600.83),
(1046,672,26,'Agogo',1,181.29),
(1047,672,45,'Malta',1,414.37),
(1048,673,57,'Jugo',2,310.78),
(1049,674,45,'Malta',1,414.37),
(1050,675,57,'Jugo',1,310.78),
(1051,676,48,'Empanadas (Unidad)',2,600.83),
(1052,676,45,'Malta',1,414.37),
(1053,676,127,'Trident mini',1,82.87),
(1054,677,45,'Malta',1,414.37),
(1055,677,76,'Refrescos',1,331.49),
(1056,678,26,'Agogo',1,181.29),
(1057,679,57,'Jugo',1,310.78),
(1058,680,3,'Galletas Club Social Original',2,227.90),
(1059,681,17,'Yogurt',1,828.74),
(1060,681,115,'Kraker bran galletas',1,264.16),
(1061,682,76,'Refrescos',2,331.49),
(1062,683,17,'Yogurt',1,828.74),
(1063,684,48,'Empanadas (Unidad)',1,600.83),
(1064,684,76,'Refrescos',2,331.49),
(1065,685,57,'Jugo',1,310.78),
(1066,686,132,'Cachito hojaldre..Pizza..Palmera...',1,787.30),
(1067,687,71,'Paledonias Coco y normal',1,217.54),
(1068,688,78,'Cafe Detallado',2,621.55),
(1069,689,73,'Papas En Bolsa',1,554.22),
(1070,690,48,'Empanadas (Unidad)',2,600.83),
(1071,690,57,'Jugo',1,310.78),
(1072,690,17,'Yogurt',2,828.74),
(1073,691,45,'Malta',2,414.37),
(1074,691,57,'Jugo',1,310.78),
(1075,692,48,'Empanadas (Unidad)',2,600.83),
(1076,692,57,'Jugo',1,310.78),
(1077,692,78,'Cafe Detallado',1,621.55),
(1078,692,77,'Azucar Detallada',1,165.75),
(1079,693,48,'Empanadas (Unidad)',2,600.83),
(1080,693,57,'Jugo',1,310.78),
(1081,693,43,'Mani Mixto',1,310.78),
(1082,694,127,'Trident mini',2,82.87),
(1083,695,41,'Chocolate Miramar',1,517.96),
(1084,695,17,'Yogurt',1,828.74),
(1085,695,74,'Cafe (Grande)',2,258.98),
(1086,696,76,'Refrescos',1,331.49),
(1087,697,74,'Cafe (Grande)',1,258.98),
(1088,697,8,'Galletas Soda',1,139.85),
(1089,698,76,'Refrescos',1,331.49),
(1090,699,96,'Historia De Embarazadas',1,1346.70),
(1091,700,45,'Malta',2,414.37),
(1092,701,76,'Refrescos',1,333.38),
(1093,701,71,'Paledonias Coco y normal',1,218.78),
(1094,702,32,'Caramelos Bianchi',5,33.86),
(1095,703,42,'Mani Salado',1,312.55),
(1096,703,115,'Kraker bran galletas',2,265.66),
(1097,704,90,'Tizana',1,520.91),
(1098,705,45,'Malta',1,416.73),
(1099,705,132,'Cachito hojaldre..Pizza..Palmera...',1,791.78),
(1100,706,90,'Tizana',1,520.91),
(1101,706,103,'Gelatina',1,364.64),
(1102,706,17,'Yogurt',1,833.46),
(1103,707,90,'Tizana',1,520.91),
(1104,708,128,'Freegels caramelo barra',1,260.46),
(1105,709,73,'Papas En Bolsa',1,557.37),
(1106,709,76,'Refrescos',1,333.38),
(1107,709,41,'Chocolate Miramar',1,520.91),
(1108,710,146,'Platanitos en bolsa',1,520.91),
(1109,711,17,'Yogurt',1,833.46),
(1110,712,130,'Chiskesitos madianos',1,927.22),
(1111,713,92,'Caramelos Menta Helada',6,23.44),
(1112,714,75,'Cafe (Pequeño)',3,157.10),
(1113,715,45,'Malta',1,418.94),
(1114,716,74,'Cafe (Grande)',1,261.84),
(1115,716,132,'Cachito hojaldre..Pizza..Palmera...',1,795.99),
(1116,716,3,'Galletas Club Social Original',2,230.42),
(1117,717,74,'Cafe (Grande)',1,261.84),
(1118,717,132,'Cachito hojaldre..Pizza..Palmera...',1,795.99),
(1119,717,3,'Galletas Club Social Original',2,230.42),
(1120,718,45,'Malta',1,418.94),
(1121,718,3,'Galletas Club Social Original',1,230.42),
(1122,719,9,'Galletas Belvita Hony',1,282.79),
(1123,720,76,'Refrescos',1,335.16),
(1124,721,132,'Cachito hojaldre..Pizza..Palmera...',1,795.99),
(1125,721,90,'Tizana',1,523.68),
(1126,722,48,'Empanadas (Unidad)',1,607.47),
(1127,723,74,'Cafe (Grande)',1,261.84),
(1128,724,144,'Pepito 25 gr',1,544.63),
(1129,725,146,'Platanitos en bolsa',1,523.68),
(1130,726,4,'Galletas Club Social Integral',4,249.34),
(1131,726,43,'Mani Mixto',1,318.30),
(1132,727,78,'Cafe Detallado',1,636.60),
(1133,728,78,'Cafe Detallado',1,636.60),
(1134,728,48,'Empanadas (Unidad)',2,636.60),
(1135,729,17,'Yogurt',1,848.80),
(1136,730,76,'Refrescos',1,339.52),
(1137,731,124,'Bolsa Negra',1,111.41),
(1138,732,145,'Doritos 45gr',1,562.33),
(1139,732,26,'Agogo',1,201.59),
(1140,733,68,'Papel Higienico',1,265.25),
(1141,734,124,'Bolsa Negra',1,111.41),
(1142,735,76,'Refrescos',1,339.52),
(1143,736,13,'Maxicoco',1,482.76),
(1144,736,112,'Caramelos lokiño',4,23.87),
(1145,736,92,'Caramelos Menta Helada',4,23.87),
(1146,737,40,'Chiskecitos',1,541.11),
(1147,738,90,'Tizana',2,530.50),
(1148,739,76,'Refrescos',1,339.52),
(1149,740,8,'Galletas Soda',1,159.15),
(1150,741,45,'Malta',1,428.31),
(1151,742,45,'Malta',1,428.31),
(1152,743,48,'Empanadas (Unidad)',1,642.47),
(1153,743,45,'Malta',1,428.31),
(1154,743,123,'Chocolate savoy mini',1,497.91),
(1155,744,48,'Empanadas (Unidad)',2,642.47),
(1156,744,57,'Jugo',1,321.23),
(1157,745,48,'Empanadas (Unidad)',2,642.47),
(1158,745,45,'Malta',1,428.31),
(1159,746,90,'Tizana',2,535.39),
(1160,746,26,'Agogo',1,203.45),
(1161,747,71,'Paledonias Coco y normal',1,224.86),
(1162,748,45,'Malta',1,428.31),
(1163,749,17,'Yogurt',1,856.62),
(1164,749,109,'Bianchi barra',2,310.53),
(1165,750,48,'Empanadas (Unidad)',2,642.47),
(1166,750,75,'Cafe (Pequeño)',2,160.62),
(1167,751,57,'Jugo',1,321.23),
(1168,752,40,'Chiskecitos',1,546.10),
(1169,753,145,'Doritos 45gr',1,567.51),
(1170,753,127,'Trident mini',1,85.66),
(1171,754,71,'Paledonias Coco y normal',2,224.86),
(1172,755,135,'Gelatina flan',2,535.39),
(1173,756,48,'Empanadas (Unidad)',3,648.05),
(1174,756,74,'Cafe (Grande)',1,270.02),
(1175,757,74,'Cafe (Grande)',1,270.02),
(1176,757,127,'Trident mini',1,86.41),
(1177,758,124,'Bolsa Negra',1,113.41),
(1178,759,74,'Cafe (Grande)',1,270.02),
(1179,759,3,'Galletas Club Social Original',1,237.62),
(1180,760,132,'Cachito hojaldre..Pizza..Palmera...',1,820.86),
(1181,761,17,'Yogurt',1,864.06),
(1182,761,126,'Torta ',1,702.05),
(1183,762,48,'Empanadas (Unidad)',1,648.05),
(1184,762,132,'Cachito hojaldre..Pizza..Palmera...',1,820.86),
(1185,763,17,'Yogurt',1,864.06),
(1186,764,48,'Empanadas (Unidad)',2,648.05),
(1187,764,124,'Bolsa Negra',2,113.41),
(1188,765,40,'Chiskecitos',1,550.84),
(1189,765,17,'Yogurt',1,864.06),
(1190,766,145,'Doritos 45gr',1,572.44),
(1191,766,92,'Caramelos Menta Helada',3,24.30),
(1192,767,43,'Mani Mixto',1,324.02),
(1193,767,26,'Agogo',1,205.22),
(1194,768,98,'Tocinetikas 16 gr',1,307.82),
(1195,768,45,'Malta',1,432.03),
(1196,769,48,'Empanadas (Unidad)',4,653.50),
(1197,769,90,'Tizana',2,544.58),
(1198,770,48,'Empanadas (Unidad)',2,653.50),
(1199,770,132,'Cachito hojaldre..Pizza..Palmera...',1,827.76),
(1200,770,76,'Refrescos',1,348.53),
(1201,771,74,'Cafe (Grande)',1,272.29),
(1202,771,43,'Mani Mixto',1,326.75),
(1203,772,48,'Empanadas (Unidad)',2,653.50),
(1204,772,74,'Cafe (Grande)',1,272.29),
(1205,773,74,'Cafe (Grande)',1,272.29),
(1206,773,92,'Caramelos Menta Helada',4,24.51),
(1207,774,77,'Azucar Detallada',1,174.27),
(1208,775,122,'Super popy',1,479.23),
(1209,776,57,'Jugo',1,326.75),
(1210,777,17,'Yogurt',2,871.33),
(1211,778,76,'Refrescos',1,348.53),
(1212,778,26,'Agogo',1,206.94),
(1213,779,92,'Caramelos Menta Helada',5,24.51);
/*!40000 ALTER TABLE `detallesventa` ENABLE KEYS */;
UNLOCK TABLES;

--
-- Table structure for table `productos`
--

DROP TABLE IF EXISTS `productos`;
/*!40101 SET @saved_cs_client     = @@character_set_client */;
/*!40101 SET character_set_client = utf8mb4 */;
CREATE TABLE `productos` (
  `ProductoIDP` int(11) NOT NULL AUTO_INCREMENT,
  `NombreP` varchar(150) DEFAULT NULL,
  `CategoriaIDP` int(11) DEFAULT NULL,
  `CantidadP` int(255) DEFAULT NULL,
  `CostoingresoP` decimal(10,3) DEFAULT NULL,
  `CostoventaP` decimal(10,3) DEFAULT NULL,
  `FechaingresoP` date DEFAULT NULL,
  `FechavencimientoP` date DEFAULT NULL,
  `CreadoP` timestamp NOT NULL DEFAULT current_timestamp(),
  `EstadoProducto` tinyint(1) NOT NULL DEFAULT 1,
  PRIMARY KEY (`ProductoIDP`),
  KEY `fk_categoriaIDP` (`CategoriaIDP`),
  CONSTRAINT `fk_categoriaIDP` FOREIGN KEY (`CategoriaIDP`) REFERENCES `categorias` (`categoriaIDC`)
) ENGINE=InnoDB AUTO_INCREMENT=147 DEFAULT CHARSET=utf8mb4 COLLATE=utf8mb4_spanish_ci;
/*!40101 SET character_set_client = @saved_cs_client */;

--
-- Dumping data for table `productos`
--

LOCK TABLES `productos` WRITE;
/*!40000 ALTER TABLE `productos` DISABLE KEYS */;
INSERT INTO `productos` VALUES
(1,'Galletas Rellenas',2,98,0.000,0.340,'2025-11-05','2026-06-15','2025-11-06 04:07:38',1),
(2,'Galletas BJ',2,5,0.000,0.450,'2025-11-05','2026-05-20','2025-11-06 04:07:38',0),
(3,'Galletas Club Social Original',2,70,0.000,0.440,'2025-11-05','2026-08-11','2025-11-06 04:07:38',1),
(4,'Galletas Club Social Integral',2,35,0.000,0.470,'2025-11-05','2026-07-22','2025-11-06 04:07:38',1),
(5,'Galletas Oreo Chocolate',2,1,0.000,0.500,'2025-11-05','2026-11-05','2025-11-06 04:07:38',1),
(6,'Galletas Taky',2,2,0.000,0.210,'2025-11-05','2026-04-30','2025-11-06 04:07:38',0),
(7,'Galletas Maria Inaica',2,50,0.000,0.250,'2025-11-05','2026-03-12','2025-11-06 04:07:38',0),
(8,'Galletas Soda',2,19,0.000,0.300,'2025-11-05','2026-09-18','2025-11-06 04:07:38',1),
(9,'Galletas Belvita Hony',2,29,0.000,0.540,'2025-11-05','2026-05-05','2025-11-06 04:07:38',1),
(10,'Caramelos Freegells',1,97,0.000,0.054,'2025-11-05','2027-01-15','2025-11-06 04:07:38',1),
(11,'Caramelos Frunas Masticables',1,3,0.000,0.150,'2025-11-05','2027-02-28','2025-11-06 04:07:38',0),
(12,'Caramelos Barrilete Masticables',1,0,0.000,0.020,'2025-11-05','2026-12-10','2025-11-06 04:07:38',1),
(13,'Maxicoco',1,16,0.000,0.910,'2025-11-05','2026-04-14','2025-11-06 04:07:38',1),
(14,'Bianchi Chocomani',1,1,0.000,0.610,'2025-11-05','2026-06-30','2025-11-06 04:07:38',1),
(15,'Bianchi Barra',1,3,0.000,0.550,'2025-11-05','2026-07-04','2025-11-06 04:07:38',0),
(16,'Trululu Chococolores',1,1,0.000,0.660,'2025-11-05','2026-10-20','2025-11-06 04:07:38',1),
(17,'Yogurt',1,28,0.000,1.600,'2025-11-05','2025-12-15','2025-11-06 04:07:38',1),
(18,'Samba Mini',1,15,0.000,0.810,'2025-11-05','2026-05-25','2025-11-06 04:07:38',1),
(19,'Galak Tubo',1,1,0.000,0.370,'2025-11-05','2026-08-08','2025-11-06 04:07:38',1),
(20,'Trululu',1,3,0.000,0.110,'2025-11-05','2027-03-01','2025-11-06 04:07:38',1),
(22,'Millows',1,6,0.000,0.190,'2025-11-05','2026-11-12','2025-11-06 04:07:38',1),
(23,'Toronto',1,0,0.000,0.500,'2025-11-05','2026-09-09','2025-11-06 04:07:38',1),
(24,'Osos Pirámide',1,3,0.000,0.190,'2025-11-05','2027-01-05','2025-11-06 04:07:38',1),
(25,'Pepitas',1,48,0.000,0.530,'2025-11-05','2026-12-25','2025-11-06 04:07:38',1),
(26,'Agogo',1,46,0.000,0.380,'2025-11-05','2026-05-25','2025-11-06 04:07:38',1),
(27,'Trident 3uds',1,1,0.000,0.750,'2025-11-05','2027-05-10','2025-11-06 04:07:38',1),
(28,'Trident 5 Uds',1,2,0.000,0.860,'2025-11-05','2027-05-15','2025-11-06 04:07:38',1),
(29,'Choco Palito',1,1,0.000,0.970,'2025-11-05','2026-06-22','2025-11-06 04:07:38',1),
(30,'Flips',1,2,0.000,0.550,'2025-11-05','2026-08-30','2025-11-06 04:07:38',1),
(31,'Nucita',1,2,0.000,0.300,'2025-11-05','2026-07-14','2025-11-06 04:07:38',1),
(32,'Caramelos Bianchi',1,89,0.000,0.065,'2025-11-05','2026-12-01','2025-11-06 04:07:38',1),
(33,'Chocolate Rodrigo',1,6,0.000,0.360,'2025-11-05','2026-05-19','2025-11-06 04:07:38',1),
(34,'Caramelos Miel',1,7,0.000,0.057,'2025-11-05','2027-02-11','2025-11-06 04:07:38',1),
(35,'Kesitos',1,4,0.000,0.570,'2025-11-05','2026-03-25','2025-11-06 04:07:38',1),
(36,'Tom Con Sal',1,0,0.000,0.410,'2025-11-05','2026-09-05','2025-11-06 04:07:38',1),
(37,'Tom Con Ajo',1,0,0.000,0.410,'2025-11-05','2026-09-05','2025-11-06 04:07:38',1),
(38,'Golpe Con Todo',1,2,0.000,0.580,'2025-11-05','2026-04-04','2025-11-06 04:07:38',1),
(39,'Cheez Pek',1,3,0.000,0.290,'2025-11-05','2026-06-11','2025-11-06 04:07:38',1),
(40,'Chiskecitos',1,14,0.662,1.020,'2025-12-01','2026-03-20','2025-11-06 04:07:38',1),
(41,'Chocolate Miramar',1,26,0.000,1.000,'2026-03-06','2026-10-15','2025-11-06 04:07:38',1),
(42,'Mani Salado',3,96,0.000,0.600,'2025-11-05','2026-05-01','2025-11-06 04:07:38',1),
(43,'Mani Mixto',3,79,0.000,0.600,'2025-11-05','2026-05-02','2025-11-06 04:07:38',1),
(44,'Maiz Inflado',3,20,0.000,0.700,'2025-11-05','2026-04-01','2025-11-06 04:07:38',1),
(45,'Malta',4,15,0.000,0.800,'2025-11-06','2026-08-15','2025-11-06 13:49:22',1),
(46,'Platanito En Bolsa',3,11,0.000,0.430,'0000-00-00','2026-03-30','2025-11-06 13:51:09',0),
(48,'Empanadas (Unidad)',5,15,0.000,1.200,'2025-11-06','2025-11-08','2025-11-06 15:34:22',1),
(50,'Ponques',6,6,0.000,0.220,'2025-11-06','2025-11-20','2025-11-06 15:42:13',1),
(51,'Quesillo',6,3,0.000,1.300,'2025-11-06','2025-11-15','2025-11-06 15:44:44',1),
(52,'Trueno Pop',1,7,0.000,0.090,'2025-11-06','2027-01-20','2025-11-06 15:47:27',1),
(53,'Barrilete',1,5,0.000,0.020,'2025-11-06','2026-12-05','2025-11-06 15:48:19',1),
(54,'Mini Jelly',1,4,0.000,0.110,'2025-11-06','2026-11-30','2025-11-06 15:49:36',1),
(55,'Trululu Gomitas',1,3,0.000,0.190,'2025-11-06','2027-02-14','2025-11-06 15:55:49',1),
(56,'Caramelo Fruticas',1,2,0.000,0.110,'2025-11-06','2027-03-10','2025-11-06 15:57:22',1),
(57,'Jugo',4,32,0.000,0.600,'2025-11-06','2026-06-01','2025-11-06 15:59:18',1),
(58,'Splot Acido',1,3,0.000,0.410,'2025-11-06','2026-10-10','2025-11-06 16:01:37',1),
(59,'Chis Kronch',1,1,0.000,0.430,'2025-11-06','2026-07-07','2025-11-06 16:05:46',1),
(60,'Oka Loka',1,6,0.000,0.320,'2025-11-06','2026-11-18','2025-11-06 16:07:08',0),
(61,'Chao En Linea',1,10,0.000,0.250,'2025-11-06','2027-04-22','2025-11-06 16:07:49',1),
(62,'Chupetas',1,2,0.000,0.178,'2025-11-06','2027-06-15','2025-11-06 16:08:25',1),
(63,'Tequeños (Combo)',5,9,0.000,1.000,'2025-11-06','2025-11-10','2025-11-06 16:14:55',1),
(64,'Tequeños (Unidad)',5,11,0.000,0.250,'2025-11-06','2025-11-10','2025-11-06 16:16:23',1),
(65,'Toallitas Nosotras',7,10,0.000,0.380,'2025-11-06','2028-11-06','2025-11-06 16:31:48',1),
(66,'Toallitas Wanitas',7,5,0.000,0.150,'2025-11-06','2028-05-15','2025-11-06 16:32:23',1),
(67,'Toallitas Detalladas',7,18,0.000,0.070,'2025-11-06','2028-01-20','2025-11-06 16:32:56',1),
(68,'Papel Higienico',7,6,0.000,0.500,'2025-11-06','2030-01-01','2025-11-06 16:33:22',1),
(69,'Galleta Pasta Seca',6,19,0.000,0.110,'2025-11-06','2026-02-15','2025-11-06 16:35:01',1),
(70,'Bolitas De Chocolates',3,9,0.000,1.000,'2025-11-06','2026-08-28','2025-11-06 16:45:37',0),
(71,'Paledonias Coco y normal',6,15,0.000,0.420,'2025-11-06','2026-01-30','2025-11-06 16:46:36',1),
(72,'Paledonia De Coco',6,1,0.000,0.390,'2025-11-06','2026-01-30','2025-11-06 16:46:59',0),
(73,'Papas En Bolsa',3,33,0.000,1.070,'2026-03-06','2026-05-10','2025-11-06 16:51:55',1),
(74,'Cafe (Grande)',4,31,0.000,0.500,'2025-11-06','2025-11-07','2025-11-06 17:03:13',1),
(75,'Cafe (Pequeño)',4,48,0.000,0.300,'2025-11-06','2025-11-07','2025-11-06 18:44:34',1),
(76,'Refrescos',4,28,0.000,0.640,'2025-11-10','2026-07-20','2025-11-10 15:24:43',1),
(77,'Azucar Detallada',3,18,0.000,0.320,'2025-11-10','2027-11-10','2025-11-10 21:13:24',1),
(78,'Cafe Detallado',3,15,0.000,1.200,'2026-03-06','2026-12-12','2025-11-10 21:22:04',1),
(79,'Platanitos Con Papas',3,14,0.000,0.419,'2025-11-18','2026-04-15','2025-11-18 13:32:01',0),
(80,'Mega Aros',1,2,0.000,0.420,'2025-11-18','2026-06-18','2025-11-18 15:20:24',1),
(81,'Azucaradas',1,1,0.000,0.400,'2025-11-18','2026-05-22','2025-11-18 15:21:37',0),
(82,'Mega Bol',1,1,0.000,0.420,'2025-11-18','2026-06-25','2025-11-18 15:22:04',1),
(83,'Torta ponque',6,94,0.000,1.500,'2025-11-18','2025-11-25','2025-11-18 15:26:27',0),
(84,'Pasteles',5,0,0.000,0.350,'2025-11-18','2025-11-20','2025-11-18 16:13:39',1),
(85,'Granola Avena Miel',3,96,0.000,0.700,'2025-11-23','2026-09-10','2025-11-24 00:07:12',1),
(86,'Granola Chocolate',3,98,0.000,0.830,'2025-11-23','2026-09-15','2025-11-24 00:09:36',1),
(87,'Chicha Andina',4,17,0.000,0.432,'2025-11-24','2025-12-01','2025-11-24 18:03:51',1),
(90,'Tizana',4,47,0.413,1.000,'2025-11-24','2025-11-28','2025-11-24 18:17:53',1),
(91,'Mini Cocosette',1,26,0.370,0.760,'2025-11-24','2026-09-03','2025-11-24 19:47:55',1),
(92,'Caramelos Menta Helada',8,44,0.039,0.045,'2025-11-24','2027-06-01','2025-11-24 19:56:42',1),
(93,'Empanadas (Combo)',9,41,0.000,2.100,'2025-12-01','2025-12-03','2025-12-01 17:36:33',0),
(95,'Fruti Loops',1,4,0.000,0.486,'2025-12-02','2026-10-01','2025-12-02 21:21:07',1),
(96,'Historia De Embarazadas',10,8,0.000,2.600,'2025-12-11','2030-12-11','2025-12-11 20:48:06',1),
(97,'Raquety',1,6,0.000,0.730,'2025-12-17','2026-07-12','2025-12-17 15:39:50',1),
(98,'Tocinetikas 16 gr',1,73,0.000,0.570,'2026-03-05','2026-04-03','2026-03-05 13:25:24',1),
(99,'Galletas Club Social Multicereal',2,96,0.000,0.500,'2026-03-05',NULL,'2026-03-05 13:26:34',1),
(100,'Perro Caliente',5,90,0.000,2.000,'2026-03-05',NULL,'2026-03-05 13:27:22',1),
(101,'Perro Caliente Combo',5,96,0.000,3.900,'2026-03-05',NULL,'2026-03-05 13:27:56',1),
(102,'Galletas Muu',2,46,0.000,0.530,'2026-04-28','2026-04-30','2026-03-05 13:28:31',1),
(103,'Gelatina',1,80,0.000,0.700,'2026-03-05','2026-04-09','2026-03-05 14:37:40',1),
(104,'Triple play',1,3,0.000,2.060,'2026-03-06',NULL,'2026-03-06 14:54:39',1),
(105,'Hojas blancas',3,65,0.000,0.059,'2026-03-06',NULL,'2026-03-06 14:55:32',1),
(106,'Copias',3,100,0.000,0.070,'2026-03-06',NULL,'2026-03-06 14:56:56',1),
(107,'Platanitos en bolsa',3,13,0.000,1.070,'2026-03-06',NULL,'2026-03-06 15:39:24',0),
(108,'Chocogol',1,23,0.000,0.200,'2026-03-06',NULL,'2026-03-06 16:59:07',1),
(109,'Bianchi barra',3,30,0.000,0.900,'2026-03-06','2026-05-18','2026-03-06 17:00:18',1),
(110,'Bianchi barra coco',3,10,0.000,0.620,'2026-03-06',NULL,'2026-03-06 17:00:59',1),
(111,'Dandy',1,6,0.000,0.730,'2026-03-06',NULL,'2026-03-06 17:03:53',1),
(112,'Caramelos lokiño',3,50,0.000,0.045,'2026-03-06','0000-00-00','2026-03-06 17:06:10',1),
(113,'Jumbo chocolate',1,15,0.000,0.980,'2026-03-06','2026-05-16','2026-03-06 17:11:46',1),
(114,'Wafer galletas',1,50,0.000,0.200,'2026-03-06','2026-05-20','2026-03-06 17:15:38',1),
(115,'Kraker bran galletas',2,5,0.000,0.510,'2026-03-06','2026-04-20','2026-03-06 17:18:36',1),
(116,'Maria caledpnia galletas',2,9,0.000,0.200,'2026-03-06','2026-04-20','2026-03-06 17:20:01',1),
(117,'Refresco en vaso',3,99,0.000,0.580,'2026-03-06','2026-03-19','2026-03-06 17:23:04',1),
(118,'Papel bond',10,96,0.000,0.340,'2026-03-09','2026-03-19','2026-03-09 15:47:20',1),
(119,'Bolsa negra',10,17,0.000,0.490,'2026-03-09',NULL,'2026-03-09 18:01:39',0),
(120,'Chesitos bolsa roja',1,99,0.000,1.150,'2026-03-10',NULL,'2026-03-10 15:40:02',1),
(121,'Boli crunch',1,10,0.000,1.130,'2026-03-11','2026-03-19','2026-03-11 13:13:17',1),
(122,'Super popy',1,6,0.000,0.880,'2026-03-11','2026-03-19','2026-03-11 13:14:16',1),
(123,'Chocolate savoy mini',3,8,0.000,0.930,'2026-03-11','2026-04-20','2026-03-11 16:36:01',1),
(124,'Bolsa Negra',7,72,0.000,0.210,'2026-03-13','2026-04-30','2026-03-13 13:16:32',1),
(125,'Protectores de Cama',7,99,0.000,0.800,'2026-03-13',NULL,'2026-03-13 13:38:16',1),
(126,'Torta ',6,22,0.000,1.300,'2026-03-16','2026-03-31','2026-03-16 15:10:13',1),
(127,'Trident mini',3,7,0.000,0.160,'2026-03-16',NULL,'2026-03-16 15:24:59',1),
(128,'Freegels caramelo barra',1,7,0.000,0.500,'2026-03-16',NULL,'2026-03-16 16:41:57',1),
(129,'Nachos ',1,6,0.000,0.950,'2026-03-18',NULL,'2026-03-18 15:44:58',1),
(130,'Chiskesitos madianos',1,49,0.000,1.780,'2026-03-19',NULL,'2026-03-19 14:07:23',1),
(131,'Frigurt',4,28,0.000,1.000,'2026-03-20','2026-04-11','2026-03-20 15:43:16',1),
(132,'Cachito hojaldre..Pizza..Palmera...',6,40,0.000,1.520,'2026-03-25','2026-04-10','2026-03-25 12:00:01',1),
(133,'Cafe con leche',4,27,0.000,1.500,'2026-03-25','2026-03-26','2026-03-25 13:07:22',1),
(134,'Torta 3 leches',6,20,0.000,1.700,'2026-03-26','2026-03-27','2026-03-26 12:55:56',1),
(135,'Gelatina flan',1,14,0.000,1.000,'2026-03-26','2026-03-27','2026-03-26 12:57:17',1),
(136,'Centro de cama',3,38,0.000,0.875,'2026-03-26','2026-03-27','2026-03-26 13:30:43',1),
(137,'Hojas blancas',3,99,0.000,0.053,'2026-03-26','2026-03-27','2026-03-26 16:26:44',1),
(138,'Pizza',5,91,0.000,1.470,'2026-03-27','2026-03-27','2026-03-27 12:14:32',0),
(139,'Carpeta amarilla carta',3,9,0.000,0.330,'2026-04-16','2026-04-17','2026-04-16 16:56:31',1),
(140,'Bolsa negra 200 lts',3,20,0.000,0.750,'2026-04-16','2026-04-30','2026-04-16 16:57:51',1),
(141,'Torta ajedrez',6,3,0.000,2.500,'2026-04-20','2026-04-22','2026-04-20 17:43:38',1),
(142,'Bombas',6,10,0.000,0.610,'2026-05-05',NULL,'2026-05-05 13:13:18',1),
(143,'Susy mini',1,10,0.200,0.890,'2026-05-16','2026-05-20','2026-05-16 22:34:32',1),
(144,'Pepito 25 gr',1,14,0.200,1.040,'2026-05-16','2026-05-19','2026-05-16 23:09:26',1),
(145,'Doritos 45gr',1,12,0.200,1.060,'2026-05-16','2026-05-19','2026-05-16 23:10:21',1),
(146,'Platanitos en bolsa',1,27,0.200,1.000,'2026-05-18','2026-05-20','2026-05-18 12:42:48',1);
/*!40000 ALTER TABLE `productos` ENABLE KEYS */;
UNLOCK TABLES;

--
-- Table structure for table `ventas`
--

DROP TABLE IF EXISTS `ventas`;
/*!40101 SET @saved_cs_client     = @@character_set_client */;
/*!40101 SET character_set_client = utf8mb4 */;
CREATE TABLE `ventas` (
  `VentaIDV` int(11) NOT NULL AUTO_INCREMENT,
  `FechaVentaV` date NOT NULL DEFAULT current_timestamp(),
  `TotalVentaV` decimal(10,2) NOT NULL,
  `EstadoVenta` tinyint(1) NOT NULL DEFAULT 1,
  PRIMARY KEY (`VentaIDV`)
) ENGINE=InnoDB AUTO_INCREMENT=780 DEFAULT CHARSET=utf8mb4 COLLATE=utf8mb4_spanish_ci;
/*!40101 SET character_set_client = @saved_cs_client */;

--
-- Dumping data for table `ventas`
--

LOCK TABLES `ventas` WRITE;
/*!40000 ALTER TABLE `ventas` DISABLE KEYS */;
INSERT INTO `ventas` VALUES
(1,'2026-03-05',139.42,1),
(2,'2026-03-05',896.27,1),
(3,'2026-03-05',497.93,1),
(4,'2026-03-05',239.64,1),
(5,'2026-03-05',748.88,1),
(6,'2026-03-05',1091.22,1),
(7,'2026-03-05',239.64,1),
(8,'2026-03-05',256.76,1),
(9,'2026-03-05',171.17,1),
(10,'2026-03-05',239.64,1),
(11,'2026-03-05',385.14,1),
(12,'2026-03-05',119.82,1),
(13,'2026-03-05',184.01,1),
(14,'2026-03-06',1551.64,1),
(15,'2026-03-06',241.37,1),
(16,'2026-03-06',538.76,1),
(17,'2026-03-07',193.95,1),
(18,'2026-03-07',224.13,1),
(19,'2026-03-07',225.16,1),
(20,'2026-03-07',225.16,1),
(21,'2026-03-09',121.29,1),
(22,'2026-03-09',324.88,1),
(23,'2026-03-09',242.58,1),
(24,'2026-03-09',719.06,1),
(25,'2026-03-09',155.94,1),
(26,'2026-03-09',1767.33,1),
(27,'2026-03-09',281.56,1),
(28,'2026-03-09',212.25,1),
(29,'2026-03-09',645.42,1),
(30,'2026-03-09',554.46,1),
(31,'2026-03-09',519.80,1),
(32,'2026-03-09',268.57,1),
(33,'2026-03-09',1191.22,1),
(34,'2026-03-09',1013.62,1),
(35,'2026-03-09',242.58,1),
(36,'2026-03-09',779.71,1),
(37,'2026-03-09',337.87,1),
(38,'2026-03-09',381.19,1),
(39,'2026-03-09',212.25,1),
(40,'2026-03-09',463.49,1),
(41,'2026-03-09',424.51,1),
(42,'2026-03-09',1048.27,1),
(43,'2026-03-10',139.60,1),
(44,'2026-03-10',270.47,1),
(45,'2026-03-10',244.29,1),
(46,'2026-03-10',1112.41,1),
(47,'2026-03-10',1055.70,1),
(48,'2026-03-10',327.18,1),
(49,'2026-03-10',340.27,1),
(50,'2026-03-10',497.31,1),
(51,'2026-03-10',558.39,1),
(52,'2026-03-10',174.50,1),
(53,'2026-03-10',418.79,1),
(54,'2026-03-10',56.71,1),
(55,'2026-03-10',56.71,1),
(56,'2026-03-10',213.76,1),
(57,'2026-03-10',244.29,1),
(58,'2026-03-10',244.29,1),
(59,'2026-03-10',218.12,1),
(60,'2026-03-10',218.12,1),
(61,'2026-03-10',348.99,1),
(62,'2026-03-10',348.99,1),
(63,'2026-03-10',506.04,1),
(65,'2026-03-10',706.71,1),
(66,'2026-03-10',436.24,1),
(67,'2026-03-10',80.71,1),
(68,'2026-03-11',420.67,1),
(69,'2026-03-11',438.20,1),
(70,'2026-03-11',438.20,1),
(71,'2026-03-11',214.72,1),
(72,'2026-03-11',361.08,1),
(73,'2026-03-11',604.72,1),
(74,'2026-03-11',1467.97,1),
(75,'2026-03-11',652.92,1),
(76,'2026-03-11',1345.27,1),
(77,'2026-03-11',271.68,1),
(78,'2026-03-11',214.72,1),
(79,'2026-03-11',81.07,1),
(80,'2026-03-12',216.07,1),
(81,'2026-03-12',216.07,1),
(82,'2026-03-12',793.73,1),
(83,'2026-03-12',1384.61,1),
(84,'2026-03-13',234.92,1),
(85,'2026-03-13',124.11,1),
(86,'2026-03-13',265.95,1),
(87,'2026-03-13',660.44,1),
(88,'2026-03-13',531.90,1),
(89,'2026-03-13',332.44,1),
(90,'2026-03-13',86.43,1),
(91,'2026-03-13',571.79,1),
(92,'2026-03-13',164.00,1),
(93,'2026-03-13',117.46,1),
(94,'2026-03-13',98.40,1),
(95,'2026-03-13',975.15,1),
(96,'2026-03-13',177.30,1),
(97,'2026-03-13',886.50,1),
(98,'2026-03-13',1218.94,1),
(99,'2026-03-13',1218.94,1),
(100,'2026-03-13',248.22,1),
(101,'2026-03-13',390.06,1),
(102,'2026-03-13',350.17,1),
(103,'2026-03-13',248.22,1),
(104,'2026-03-13',888.72,1),
(105,'2026-03-13',82.00,1),
(106,'2026-03-13',1161.32,1),
(107,'2026-03-16',33.06,1),
(108,'2026-03-16',804.24,1),
(109,'2026-03-16',2506.55,1),
(110,'2026-03-16',1608.48,1),
(111,'2026-03-16',491.48,1),
(112,'2026-03-16',82.66,1),
(113,'2026-03-16',1228.70,1),
(114,'2026-03-16',1742.52,1),
(115,'2026-03-16',491.48,1),
(116,'2026-03-16',743.92,1),
(117,'2026-03-16',250.21,1),
(118,'2026-03-16',264.95,1),
(119,'2026-03-16',151.91,1),
(120,'2026-03-16',996.36,1),
(121,'2026-03-16',661.26,1),
(122,'2026-03-16',116.17,1),
(123,'2026-03-16',2569.10,1),
(124,'2026-03-17',1232.99,1),
(125,'2026-03-17',1165.74,1),
(126,'2026-03-17',829.47,1),
(127,'2026-03-17',928.11,1),
(128,'2026-03-17',224.18,1),
(129,'2026-03-17',89.67,1),
(130,'2026-03-17',618.74,1),
(131,'2026-03-17',313.85,1),
(132,'2026-03-17',192.80,1),
(133,'2026-03-17',251.08,1),
(134,'2026-03-17',493.20,1),
(135,'2026-03-17',145.72,1),
(136,'2026-03-17',778.80,1),
(137,'2026-03-17',1165.74,1),
(138,'2026-03-17',179.34,1),
(139,'2026-03-17',1345.08,1),
(140,'2026-03-17',986.39,1),
(141,'2026-03-17',143.48,1),
(142,'2026-03-17',946.04,1),
(143,'2026-03-17',1748.60,1),
(144,'2026-03-17',1024.50,1),
(145,'2026-03-17',452.84,1),
(146,'2026-03-17',1748.60,1),
(147,'2026-03-17',2196.96,1),
(148,'2026-03-17',266.33,1),
(149,'2026-03-18',2484.90,1),
(150,'2026-03-18',257.53,1),
(151,'2026-03-18',221.38,1),
(152,'2026-03-18',2367.43,1),
(153,'2026-03-18',1174.68,1),
(154,'2026-03-18',253.01,1),
(155,'2026-03-18',1942.74,1),
(156,'2026-03-18',483.43,1),
(157,'2026-03-18',1287.63,1),
(158,'2026-03-18',1102.39,1),
(159,'2026-03-19',691.98,1),
(160,'2026-03-19',691.98,1),
(161,'2026-03-19',464.36,1),
(162,'2026-03-19',341.44,1),
(163,'2026-03-19',341.44,1),
(164,'2026-03-19',710.19,1),
(165,'2026-03-19',1251.94,1),
(166,'2026-03-19',710.19,1),
(167,'2026-03-19',1638.90,1),
(168,'2026-03-19',373.31,1),
(169,'2026-03-19',127.47,1),
(170,'2026-03-19',910.50,1),
(171,'2026-03-19',264.05,1),
(172,'2026-03-19',1251.94,1),
(173,'2026-03-19',295.91,1),
(174,'2026-03-19',446.15,1),
(175,'2026-03-19',318.68,1),
(176,'2026-03-19',691.98,1),
(177,'2026-03-19',560.87,1),
(178,'2026-03-19',273.15,1),
(179,'2026-03-19',145.68,1),
(180,'2026-03-19',16.84,1),
(181,'2026-03-19',773.93,1),
(182,'2026-03-20',455.25,1),
(183,'2026-03-20',455.25,1),
(184,'2026-03-20',2890.84,1),
(185,'2026-03-20',648.73,1),
(186,'2026-03-20',341.44,1),
(187,'2026-03-20',195.76,1),
(188,'2026-03-20',1342.99,1),
(189,'2026-03-20',163.89,1),
(190,'2026-03-20',819.45,1),
(191,'2026-03-20',67.38,1),
(192,'2026-03-20',418.83,1),
(193,'2026-03-20',910.50,1),
(194,'2026-03-20',364.20,1),
(195,'2026-03-20',728.40,1),
(196,'2026-03-20',182.10,1),
(197,'2026-03-20',355.10,1),
(198,'2026-03-20',446.14,1),
(199,'2026-03-20',273.15,1),
(200,'2026-03-20',273.15,1),
(201,'2026-03-23',265.10,1),
(202,'2026-03-23',530.20,1),
(203,'2026-03-23',1142.68,1),
(204,'2026-03-23',223.96,1),
(205,'2026-03-23',84.56,1),
(206,'2026-03-23',274.24,1),
(207,'2026-03-23',1179.24,1),
(208,'2026-03-23',265.10,1),
(209,'2026-03-23',2408.76,1),
(210,'2026-03-23',274.24,1),
(211,'2026-03-23',548.48,1),
(212,'2026-03-23',461.64,1),
(213,'2026-03-23',367.94,1),
(214,'2026-03-23',84.56,1),
(215,'2026-03-23',367.94,1),
(216,'2026-03-23',297.10,1),
(217,'2026-03-24',149.32,1),
(218,'2026-03-24',1185.38,1),
(219,'2026-03-24',378.59,1),
(220,'2026-03-24',1516.19,1),
(221,'2026-03-24',344.59,1),
(222,'2026-03-24',597.28,1),
(223,'2026-03-24',1920.50,1),
(224,'2026-03-24',344.59,1),
(225,'2026-03-24',849.98,1),
(226,'2026-03-24',491.61,1),
(227,'2026-03-24',1024.57,1),
(228,'2026-03-24',827.01,1),
(229,'2026-03-24',404.32,1),
(230,'2026-03-24',404.32,1),
(231,'2026-03-24',275.67,1),
(232,'2026-03-24',344.59,1),
(233,'2026-03-24',261.89,1),
(234,'2026-03-24',128.65,1),
(235,'2026-03-25',1286.20,1),
(236,'2026-03-25',1156.65,1),
(237,'2026-03-25',647.72,1),
(238,'2026-03-25',693.99,1),
(239,'2026-03-25',1462.01,1),
(240,'2026-03-25',994.72,1),
(241,'2026-03-25',51.35,1),
(242,'2026-03-25',166.56,1),
(243,'2026-03-25',402.51,1),
(244,'2026-03-25',1272.32,1),
(245,'2026-03-25',772.64,1),
(246,'2026-03-25',439.53,1),
(247,'2026-03-25',832.79,1),
(248,'2026-03-25',832.79,1),
(249,'2026-03-25',120.29,1),
(250,'2026-03-26',41.99,1),
(251,'2026-03-26',167.98,1),
(252,'2026-03-26',349.95,1),
(253,'2026-03-26',620.58,1),
(254,'2026-03-26',291.63,1),
(255,'2026-03-26',774.56,1),
(256,'2026-03-26',783.89,1),
(257,'2026-03-26',1259.82,1),
(258,'2026-03-26',149.31,1),
(259,'2026-03-26',1203.83,1),
(260,'2026-03-26',993.86,1),
(261,'2026-03-26',1306.48,1),
(262,'2026-03-26',167.98,1),
(263,'2026-03-26',839.88,1),
(264,'2026-03-26',1161.83,1),
(265,'2026-03-26',480.60,1),
(266,'2026-03-26',466.60,1),
(267,'2026-03-26',279.96,1),
(268,'2026-03-26',1465.12,1),
(269,'2026-03-26',279.96,1),
(270,'2026-03-26',727.90,1),
(271,'2026-03-26',83.99,1),
(272,'2026-03-27',552.84,1),
(273,'2026-03-27',552.84,1),
(274,'2026-03-27',552.84,1),
(275,'2026-03-27',937.02,1),
(276,'2026-03-27',468.51,1),
(277,'2026-03-27',468.51,1),
(278,'2026-03-27',351.38,1),
(279,'2026-03-27',351.38,1),
(280,'2026-03-27',1007.30,1),
(281,'2026-03-27',1007.30,1),
(282,'2026-03-27',505.99,1),
(283,'2026-03-27',505.99,1),
(284,'2026-03-27',182.72,1),
(285,'2026-03-27',182.72,1),
(286,'2026-03-27',1007.30,1),
(287,'2026-03-27',1007.30,1),
(288,'2026-03-27',304.53,1),
(289,'2026-03-27',304.53,1),
(290,'2026-03-27',117.13,1),
(291,'2026-03-27',117.13,1),
(292,'2026-03-27',333.58,1),
(294,'2026-03-27',866.74,1),
(295,'2026-03-27',866.74,1),
(296,'2026-03-27',248.31,1),
(297,'2026-03-27',515.36,1),
(298,'2026-03-27',843.32,1),
(299,'2026-03-27',843.32,1),
(300,'2026-03-27',1686.64,1),
(301,'2026-03-27',1686.64,1),
(302,'2026-03-27',365.44,1),
(303,'2026-03-27',365.44,1),
(304,'2026-03-27',927.65,1),
(305,'2026-03-27',927.65,1),
(306,'2026-03-27',716.82,1),
(307,'2026-03-27',716.82,1),
(308,'2026-03-27',234.25,1),
(309,'2026-03-27',234.25,1),
(310,'2026-03-27',819.89,1),
(311,'2026-04-06',2194.85,1),
(312,'2026-04-06',208.58,1),
(313,'2026-04-06',2702.09,1),
(314,'2026-04-06',319.51,1),
(315,'2026-04-06',132.73,1),
(316,'2026-04-06',967.06,1),
(317,'2026-04-06',594.93,1),
(318,'2026-04-06',1042.91,1),
(319,'2026-04-06',549.90,1),
(320,'2026-04-06',184.88,1),
(321,'2026-04-07',1466.30,1),
(322,'2026-04-07',265.74,1),
(323,'2026-04-07',654.85,1),
(324,'2026-04-07',96.80,1),
(325,'2026-04-07',61.69,1),
(326,'2026-04-07',232.52,1),
(327,'2026-04-07',132.87,1),
(328,'2026-04-07',1043.97,1),
(329,'2026-04-07',275.23,1),
(330,'2026-04-07',170.83,1),
(331,'2026-04-07',759.25,1),
(332,'2026-04-07',154.22,1),
(333,'2026-04-07',189.81,1),
(334,'2026-04-07',151.85,1),
(335,'2026-04-07',1233.78,1),
(336,'2026-04-07',692.81,1),
(337,'2026-04-07',151.85,1),
(338,'2026-04-08',1045.00,1),
(339,'2026-04-08',2090.00,1),
(340,'2026-04-08',570.00,1),
(341,'2026-04-08',698.25,1),
(342,'2026-04-08',973.75,1),
(343,'2026-04-08',1520.00,1),
(344,'2026-04-08',760.00,1),
(345,'2026-04-08',52.73,1),
(346,'2026-04-08',596.13,1),
(347,'2026-04-08',470.25,1),
(348,'2026-04-08',285.00,1),
(349,'2026-04-08',285.00,1),
(350,'2026-04-08',413.25,1),
(351,'2026-04-09',1227.95,1),
(352,'2026-04-09',899.55,1),
(357,'2026-04-09',204.66,1),
(358,'2026-04-09',561.62,1),
(359,'2026-04-09',1237.47,1),
(360,'2026-04-09',185.62,1),
(361,'2026-04-09',371.24,1),
(362,'2026-04-09',680.61,1),
(363,'2026-04-09',285.57,1),
(364,'2026-04-10',1048.15,1),
(365,'2026-04-10',76.23,1),
(366,'2026-04-10',76.23,1),
(367,'2026-04-10',343.03,1),
(368,'2026-04-10',343.03,1),
(369,'2026-04-10',70.51,1),
(370,'2026-04-13',133.60,1),
(371,'2026-04-13',276.74,1),
(372,'2026-04-13',534.40,1),
(373,'2026-04-13',238.57,1),
(374,'2026-04-13',1326.45,1),
(375,'2026-04-13',288.19,1),
(376,'2026-04-13',954.28,1),
(377,'2026-04-13',601.20,1),
(378,'2026-04-13',868.40,1),
(379,'2026-04-13',720.48,1),
(380,'2026-04-13',88.27,1),
(381,'2026-04-13',868.40,1),
(382,'2026-04-13',715.71,1),
(383,'2026-04-14',1160.62,1),
(384,'2026-04-15',153.15,1),
(385,'2026-04-15',990.66,1),
(386,'2026-04-15',957.16,1),
(387,'2026-04-15',344.58,1),
(388,'2026-04-15',478.58,1),
(389,'2026-04-15',153.15,1),
(390,'2026-04-16',935.55,1),
(391,'2026-04-16',53.25,1),
(392,'2026-04-16',76.76,1),
(393,'2026-04-16',1386.54,1),
(394,'2026-04-16',1199.43,1),
(395,'2026-04-16',1439.31,1),
(396,'2026-04-16',239.89,1),
(397,'2026-04-16',954.74,1),
(398,'2026-04-16',844.40,1),
(399,'2026-04-16',527.75,1),
(400,'2026-04-17',1335.10,1),
(401,'2026-04-17',1594.43,1),
(402,'2026-04-17',672.35,1),
(403,'2026-04-17',1296.68,1),
(404,'2026-04-17',201.71,1),
(405,'2026-04-17',288.15,1),
(406,'2026-04-17',2026.66,1),
(407,'2026-04-17',1061.35,1),
(408,'2026-04-17',130.15,1),
(409,'2026-04-17',648.34,1),
(410,'2026-04-17',513.87,1),
(411,'2026-04-17',336.18,1),
(412,'2026-04-17',350.58,1),
(413,'2026-04-17',278.55,1),
(414,'2026-04-17',2103.49,1),
(415,'2026-04-20',153.99,1),
(416,'2026-04-20',577.45,1),
(417,'2026-04-20',1650.55,1),
(418,'2026-04-20',320.01,1),
(419,'2026-04-20',1722.73,1),
(420,'2026-04-20',640.01,1),
(421,'2026-04-20',2309.81,1),
(422,'2026-04-20',986.48,1),
(423,'2026-04-20',769.94,1),
(424,'2026-04-20',288.73,1),
(425,'2026-04-20',962.42,1),
(426,'2026-04-20',1910.40,1),
(427,'2026-04-20',279.10,1),
(428,'2026-04-20',1241.52,1),
(429,'2026-04-20',514.90,1),
(430,'2026-04-20',2694.78,1),
(431,'2026-04-20',895.05,1),
(432,'2026-04-20',1284.83,1),
(433,'2026-04-21',1170.51,1),
(434,'2026-04-21',1324.65,1),
(435,'2026-04-21',2230.22,1),
(436,'2026-04-21',154.14,1),
(437,'2026-04-21',708.08,1),
(438,'2026-04-21',770.70,1),
(439,'2026-04-21',396.91,1),
(440,'2026-04-21',375.72,1),
(441,'2026-04-21',703.27,1),
(442,'2026-04-21',89.12,1),
(443,'2026-04-21',1319.83,1),
(444,'2026-04-21',262.04,1),
(445,'2026-04-21',308.28,1),
(446,'2026-04-21',684.00,1),
(447,'2026-04-21',178.23,1),
(448,'2026-04-21',751.44,1),
(449,'2026-04-21',375.72,1),
(450,'2026-04-21',289.01,1),
(451,'2026-04-21',1204.23,1),
(452,'2026-04-21',481.69,1),
(453,'2026-04-21',289.01,1),
(454,'2026-04-21',53.47,1),
(455,'2026-04-21',53.47,1),
(456,'2026-04-21',35.65,1),
(457,'2026-04-22',173.79,1),
(458,'2026-04-22',1240.67,1),
(459,'2026-04-22',1515.84,1),
(460,'2026-04-22',1424.11,1),
(461,'2026-04-22',321.03,1),
(462,'2026-04-22',1206.88,1),
(463,'2026-04-22',965.50,1),
(464,'2026-04-22',458.61,1),
(465,'2026-04-22',130.34,1),
(466,'2026-04-22',96.55,1),
(467,'2026-04-22',2944.78,1),
(468,'2026-04-22',2944.78,1),
(469,'2026-04-22',1206.88,1),
(470,'2026-04-22',168.96,1),
(471,'2026-04-22',458.61,1),
(472,'2026-04-22',772.40,1),
(473,'2026-04-23',398.26,1),
(474,'2026-04-23',1677.16,1),
(475,'2026-04-23',1063.33,1),
(476,'2026-04-23',435.00,1),
(477,'2026-04-23',67.67,1),
(478,'2026-04-23',35.77,1),
(479,'2026-04-23',425.33,1),
(480,'2026-04-23',2832.31,1),
(481,'2026-04-23',811.99,1),
(482,'2026-04-23',454.33,1),
(483,'2026-04-24',1258.06,1),
(484,'2026-04-24',532.26,1),
(485,'2026-04-24',846.77,1),
(486,'2026-04-28',2620.24,1),
(487,'2026-04-28',269.31,1),
(488,'2026-04-28',1955.48,1),
(489,'2026-04-28',2513.49,1),
(490,'2026-04-28',2513.49,1),
(491,'2026-04-28',281.43,1),
(492,'2026-04-28',351.31,1),
(493,'2026-04-28',242.62,1),
(494,'2026-04-28',485.23,1),
(495,'2026-04-28',611.39,1),
(496,'2026-04-28',727.85,1),
(497,'2026-04-28',349.37,1),
(498,'2026-04-28',3663.49,1),
(499,'2026-04-28',291.14,1),
(500,'2026-04-28',519.20,1),
(501,'2026-04-28',735.12,1),
(502,'2026-04-28',970.46,1),
(503,'2026-04-28',291.14,1),
(504,'2026-04-28',1101.47,1),
(505,'2026-04-28',388.18,1),
(506,'2026-04-29',1273.82,1),
(507,'2026-04-29',1273.82,1),
(508,'2026-04-29',303.87,1),
(509,'2026-04-29',77.79,1),
(510,'2026-04-29',1055.03,1),
(511,'2026-04-29',92.38,1),
(512,'2026-04-29',2076.03,1),
(513,'2026-04-29',160.44,1),
(514,'2026-04-29',103.07,1),
(515,'2026-04-29',427.85,1),
(516,'2026-04-29',559.12,1),
(517,'2026-04-29',1507.19,1),
(518,'2026-04-29',1507.19,1),
(519,'2026-04-29',160.44,1),
(520,'2026-04-29',1555.81,1),
(521,'2026-04-29',1103.65,1),
(522,'2026-04-29',335.47,1),
(523,'2026-04-30',389.70,1),
(524,'2026-04-30',389.70,1),
(525,'2026-04-30',307.86,1),
(526,'2026-04-30',759.91,1),
(527,'2026-04-30',92.55,1),
(528,'2026-04-30',340.98,1),
(529,'2026-04-30',340.98,1),
(530,'2026-04-30',535.83,1),
(531,'2026-04-30',129.09,1),
(532,'2026-04-30',304.45,1),
(533,'2026-04-30',613.77,1),
(534,'2026-04-30',910.91,1),
(535,'2026-04-30',1363.94,1),
(536,'2026-04-30',1363.94,1),
(537,'2026-04-30',1057.05,1),
(538,'2026-04-30',769.65,1),
(539,'2026-04-30',103.27,1),
(540,'2026-04-30',103.27,1),
(541,'2026-04-30',204.59,1),
(542,'2026-04-30',453.02,1),
(543,'2026-04-30',349.26,1),
(544,'2026-05-04',744.12,1),
(545,'2026-05-04',161.55,1),
(546,'2026-05-04',110.15,1),
(547,'2026-05-04',313.31,1),
(548,'2026-05-04',1155.34,1),
(549,'2026-05-04',562.98,1),
(550,'2026-05-04',1125.97,1),
(551,'2026-05-04',633.97,1),
(552,'2026-05-04',4126.91,1),
(553,'2026-05-04',391.64,1),
(554,'2026-05-04',305.97,1),
(555,'2026-05-04',305.97,1),
(556,'2026-05-04',1165.13,1),
(557,'2026-05-04',523.82,1),
(558,'2026-05-04',2364.53,1),
(559,'2026-05-04',802.86,1),
(560,'2026-05-04',489.55,1),
(561,'2026-05-04',724.53,1),
(562,'2026-05-04',244.78,1),
(563,'2026-05-04',283.94,1),
(564,'2026-05-04',342.69,1),
(565,'2026-05-04',93.01,1),
(566,'2026-05-04',729.43,1),
(567,'2026-05-04',675.58,1),
(568,'2026-05-04',979.10,1),
(569,'2026-05-04',88.12,1),
(570,'2026-05-04',293.73,1),
(571,'2026-05-04',562.98,1),
(572,'2026-05-05',6140.33,1),
(573,'2026-05-05',490.05,1),
(574,'2026-05-05',1827.89,1),
(575,'2026-05-05',245.03,1),
(576,'2026-05-05',2847.19,1),
(577,'2026-05-05',382.24,1),
(578,'2026-05-05',294.03,1),
(579,'2026-05-05',294.03,1),
(580,'2026-05-05',205.82,1),
(581,'2026-05-05',205.82,1),
(582,'2026-05-05',455.75,1),
(583,'2026-05-05',455.75,1),
(584,'2026-05-05',66.16,1),
(585,'2026-05-06',246.69,1),
(586,'2026-05-06',98.68,1),
(587,'2026-05-06',1420.93,1),
(588,'2026-05-06',493.38,1),
(589,'2026-05-07',968.82,1),
(590,'2026-05-07',397.46,1),
(591,'2026-05-07',452.12,1),
(592,'2026-05-07',1430.87,1),
(593,'2026-05-07',794.93,1),
(594,'2026-05-07',601.16,1),
(595,'2026-05-07',968.82,1),
(596,'2026-05-07',208.67,1),
(597,'2026-05-07',1763.74,1),
(598,'2026-05-07',1425.90,1),
(599,'2026-05-07',218.61,1),
(600,'2026-05-07',347.78,1),
(601,'2026-05-07',1540.17,1),
(602,'2026-05-07',278.23,1),
(603,'2026-05-11',800.74,1),
(604,'2026-05-11',160.15,1),
(605,'2026-05-11',600.55,1),
(606,'2026-05-11',175.16,1),
(607,'2026-05-11',575.53,1),
(608,'2026-05-11',1326.22,1),
(609,'2026-05-11',90.08,1),
(610,'2026-05-11',525.48,1),
(611,'2026-05-11',200.18,1),
(612,'2026-05-11',755.70,1),
(613,'2026-05-11',935.86,1),
(614,'2026-05-11',312.79,1),
(615,'2026-05-11',885.81,1),
(616,'2026-05-11',400.37,1),
(617,'2026-05-11',535.49,1),
(618,'2026-05-11',1671.54,1),
(619,'2026-05-12',1625.81,1),
(620,'2026-05-12',605.89,1),
(621,'2026-05-12',302.95,1),
(622,'2026-05-12',757.37,1),
(623,'2026-05-12',580.65,1),
(624,'2026-05-12',883.59,1),
(625,'2026-05-12',984.57,1),
(626,'2026-05-12',257.50,1),
(627,'2026-05-12',2307.44,1),
(628,'2026-05-12',1312.77,1),
(629,'2026-05-12',315.57,1),
(630,'2026-05-12',515.01,1),
(631,'2026-05-12',3029.46,1),
(632,'2026-05-12',252.46,1),
(633,'2026-05-12',100.98,1),
(634,'2026-05-12',883.59,1),
(635,'2026-05-12',706.87,1),
(636,'2026-05-12',540.25,1),
(637,'2026-05-12',176.72,1),
(638,'2026-05-12',807.86,1),
(639,'2026-05-12',1615.71,1),
(640,'2026-05-12',353.44,1),
(641,'2026-05-12',580.65,1),
(642,'2026-05-12',90.88,1),
(643,'2026-05-12',515.01,1),
(644,'2026-05-12',540.25,1),
(645,'2026-05-14',153.24,1),
(646,'2026-05-14',163.45,1),
(647,'2026-05-14',319.25,1),
(648,'2026-05-14',81.73,1),
(649,'2026-05-14',485.25,1),
(653,'2026-05-14',1133.95,1),
(654,'2026-05-14',1900.14,1),
(655,'2026-05-14',1057.34,1),
(656,'2026-05-15',4559.34,1),
(657,'2026-05-15',412.14,1),
(658,'2026-05-15',721.25,1),
(659,'2026-05-15',2107.09,1),
(660,'2026-05-15',1442.50,1),
(661,'2026-05-15',108.19,1),
(662,'2026-05-15',257.59,1),
(663,'2026-05-15',901.57,1),
(664,'2026-05-15',468.81,1),
(665,'2026-05-15',1030.36,1),
(666,'2026-05-15',3498.07,1),
(667,'2026-05-15',1130.82,1),
(668,'2026-05-15',468.81,1),
(669,'2026-05-15',2034.96,1),
(670,'2026-05-15',468.81,1),
(671,'2026-05-18',828.74,1),
(672,'2026-05-18',1797.32,1),
(673,'2026-05-18',621.55,1),
(674,'2026-05-18',414.37,1),
(675,'2026-05-18',310.78,1),
(676,'2026-05-18',1698.91,1),
(677,'2026-05-18',745.86,1),
(678,'2026-05-18',181.29,1),
(679,'2026-05-18',310.78,1),
(680,'2026-05-18',455.80,1),
(681,'2026-05-18',1092.90,1),
(682,'2026-05-18',662.99,1),
(683,'2026-05-18',828.74,1),
(684,'2026-05-18',1263.82,1),
(685,'2026-05-18',310.78,1),
(686,'2026-05-18',787.30,1),
(687,'2026-05-18',217.54,1),
(688,'2026-05-18',1243.10,1),
(689,'2026-05-19',554.22,1),
(690,'2026-05-19',3169.92,1),
(691,'2026-05-19',1139.51,1),
(692,'2026-05-19',2299.74,1),
(693,'2026-05-19',1823.22,1),
(694,'2026-05-19',165.75,1),
(695,'2026-05-19',1864.66,1),
(696,'2026-05-19',331.49,1),
(697,'2026-05-19',398.83,1),
(698,'2026-05-19',331.49,1),
(699,'2026-05-19',1346.70,1),
(700,'2026-05-19',828.74,1),
(701,'2026-05-20',552.16,1),
(702,'2026-05-20',169.30,1),
(703,'2026-05-20',843.87,1),
(704,'2026-05-20',520.91,1),
(705,'2026-05-20',1208.51,1),
(706,'2026-05-20',1719.00,1),
(707,'2026-05-20',520.91,1),
(708,'2026-05-20',260.46,1),
(709,'2026-05-20',1411.67,1),
(710,'2026-05-20',520.91,1),
(711,'2026-05-20',833.46,1),
(712,'2026-05-20',927.22,1),
(713,'2026-05-20',140.65,1),
(714,'2026-05-21',471.31,1),
(715,'2026-05-21',418.94,1),
(716,'2026-05-21',1518.67,1),
(717,'2026-05-21',1518.67,1),
(718,'2026-05-21',649.36,1),
(719,'2026-05-21',282.79,1),
(720,'2026-05-21',335.16,1),
(721,'2026-05-21',1319.67,1),
(722,'2026-05-21',607.47,1),
(723,'2026-05-21',261.84,1),
(724,'2026-05-21',544.63,1),
(725,'2026-05-21',523.68,1),
(726,'2026-05-25',1315.64,1),
(727,'2026-05-25',636.60,1),
(728,'2026-05-25',1909.80,1),
(729,'2026-05-25',848.80,1),
(730,'2026-05-25',339.52,1),
(731,'2026-05-25',111.41,1),
(732,'2026-05-25',763.92,1),
(733,'2026-05-25',265.25,1),
(734,'2026-05-25',111.41,1),
(735,'2026-05-25',339.52,1),
(736,'2026-05-25',673.73,1),
(737,'2026-05-25',541.11,1),
(738,'2026-05-25',1061.00,1),
(739,'2026-05-25',339.52,1),
(740,'2026-05-25',159.15,1),
(741,'2026-05-26',428.31,1),
(742,'2026-05-26',428.31,1),
(743,'2026-05-26',1568.69,1),
(744,'2026-05-26',1606.17,1),
(745,'2026-05-26',1713.25,1),
(746,'2026-05-26',1274.23,1),
(747,'2026-05-26',224.86,1),
(748,'2026-05-26',428.31,1),
(749,'2026-05-26',1477.68,1),
(750,'2026-05-26',1606.17,1),
(751,'2026-05-26',321.23,1),
(752,'2026-05-26',546.10,1),
(753,'2026-05-26',653.18,1),
(754,'2026-05-26',449.73,1),
(755,'2026-05-26',1070.78,1),
(756,'2026-05-27',2214.16,1),
(757,'2026-05-27',356.43,1),
(758,'2026-05-27',113.41,1),
(759,'2026-05-27',507.64,1),
(760,'2026-05-27',820.86,1),
(761,'2026-05-27',1566.12,1),
(762,'2026-05-27',1468.91,1),
(763,'2026-05-27',864.06,1),
(764,'2026-05-27',1522.91,1),
(765,'2026-05-27',1414.91,1),
(766,'2026-05-27',645.35,1),
(767,'2026-05-27',529.24,1),
(768,'2026-05-27',739.86,1),
(769,'2026-05-28',3703.14,1),
(770,'2026-05-28',2483.29,1),
(771,'2026-05-28',599.04,1),
(772,'2026-05-28',1579.28,1),
(773,'2026-05-28',370.31,1),
(774,'2026-05-28',174.27,1),
(775,'2026-05-28',479.23,1),
(776,'2026-05-28',326.75,1),
(777,'2026-05-28',1742.66,1),
(778,'2026-05-28',555.47,1),
(779,'2026-05-28',122.53,1);
/*!40000 ALTER TABLE `ventas` ENABLE KEYS */;
UNLOCK TABLES;
/*!40103 SET TIME_ZONE=@OLD_TIME_ZONE */;

/*!40101 SET SQL_MODE=@OLD_SQL_MODE */;
/*!40014 SET FOREIGN_KEY_CHECKS=@OLD_FOREIGN_KEY_CHECKS */;
/*!40014 SET UNIQUE_CHECKS=@OLD_UNIQUE_CHECKS */;
/*!40101 SET CHARACTER_SET_CLIENT=@OLD_CHARACTER_SET_CLIENT */;
/*!40101 SET CHARACTER_SET_RESULTS=@OLD_CHARACTER_SET_RESULTS */;
/*!40101 SET COLLATION_CONNECTION=@OLD_COLLATION_CONNECTION */;
/*!40111 SET SQL_NOTES=@OLD_SQL_NOTES */;

-- Dump completed on 2026-05-31 18:22:49
